お,お,23220,11,25
兄ちゃん,にいちゃん,23220,8,10
「,「,23220,13,38
。,。,23220,13,36
　,　,23220,13,41
そんな,そんな,4064,6,7
自分,じぶん,23220,8,10
が,が,4064,10,21
つくづく,つくづく,23220,2,2
情けなく,なさけなく,23220,0,0
思えて,おもえて,23220,9,9
くる,くる,23220,12,35
だから,だから,4064,5,5
僕,ぼく,4064,8,10
も,も,23220,10,22
わざと,わざと,23220,2,2
、,、,23220,13,37
そういう,そういう,23220,6,7
人,じん,23220,8,10
達,たち,23220,12,29
トロロ,トロロ,23220,8,15
『,『,23220,13,38
』,』,23220,13,39
を,を,23220,10,21
改造,かいぞう,23220,8,17
し,し,23220,9,9
やすい,やすい,23220,12,33
して,して,23220,12,35
いる,いる,23220,12,35
ように,ように,23220,4,4
んだ,んだ,23220,4,4
よ,よ,23220,10,24
ね,ね,23220,10,24
改造しやすいしている,かいぞうしやすいしている,27278,14,44
人達,じんたち,4064,14,44
……,……,23220,13,40
う,う,23220,8,10
うん,うん,23220,7,7
あ,あ,23220,7,7
意味,いみ,23220,8,17
から,から,23220,10,21
する,する,23220,9,9
と,と,23220,10,21
確かに,たしかに,23220,0,0
難しい,むずかしい,4064,0,0
こと,こと,4064,8,12
なんて,なんて,23220,10,22
どこ,どこ,23220,6,6
に,に,23220,10,21
書いて,かいて,23220,9,9
ない,ない,23220,12,33
」,」,23220,13,39
萌,もえ,23220,8,16
夢,ゆめ,23220,8,10
ちゃん,ちゃん,23220,12,29
部屋,へや,4064,8,10
の,の,4064,10,23
中,なか,23220,8,11
出て,でて,23220,9,9
きた,きた,23220,12,35
瞬間,しゅんかん,23220,8,19
大きな,おおきな,23220,1,1
音,おと,23220,8,10
家,いえ,23220,8,10
鳴り響いた,なりひびいた,23220,9,9
萌夢ちゃん,もえゆめちゃん,4064,14,44
出てきた,でてきた,4064,14,44
え,え,23220,12,35
もう,もう,4064,2,2
撮った,とった,23220,9,9
？,？,23220,13,40
タイタン,タイタン,23220,8,10
いろいろ,いろいろ,23220,2,2
活躍,かつやく,23220,8,17
くれる,くれる,23220,12,35
活躍してくれる,かつやくしてくれる,62249,14,44
AI,AI,4064,8,14
可愛らし,かわいらし,23220,0,0
さ,さ,23220,12,30
朱美,あけみ,23220,8,16
あっち,あっち,23220,6,6
で,で,23220,10,21
畠山,畠山,23220,8,15
課長,かちょう,23220,8,10
呼んで,よんで,23220,9,9
る,る,23220,12,35
畠山課長,畠山かちょう,4064,14,44
複雑な,ふくざつな,23220,0,0
条件,じょうけん,23220,8,10
カメラ,かめら,23220,8,10
いかに,いかに,23220,2,2
制御,せいぎょ,23220,8,17
したら,したら,23220,9,9
対象,たいしょう,4064,8,10
なる,なる,23220,9,9
画像,がぞう,4064,8,10
撮影,さつえい,23220,8,17
できる,できる,23220,9,9
か,か,23220,10,23
1,1,23220,8,18
ヶ月,かげつ,23220,12,31
うち,うち,23220,8,11
何,なん,23220,8,18
枚,まい,23220,12,31
写真,しゃしん,23220,8,10
もはや,もはや,23220,2,2
記憶,きおく,23220,8,17
残ら,のこら,23220,9,9
ほど,ほど,23220,8,11
だった,だった,23220,3,3
けど,けど,23220,10,23
結局,けっきょく,23220,2,2
その,その,23220,6,7
答え,こたえ,4064,8,10
見つける,みつける,23220,9,9
でき,でき,23220,9,9
なかった,なかった,23220,12,33
は,は,23220,10,22
撮影できる,さつえいできる,3567,14,44
制御したら,せいぎょしたら,61935,14,44
1ヶ月,1かげつ,4064,14,44
何枚,なんまい,4064,14,44
残らない,のこらない,20448,14,44
ねぇ,ねえ,23220,7,7
お兄ちゃん,おにいちゃん,4064,14,44
これ,これ,4064,6,6
じゃあ,じゃあ,23220,7,7
専門,せんもん,23220,8,10
用語,ようご,23220,8,10
多,おお,23220,0,0
すぎて,すぎて,23220,12,35
話,はなし,23220,8,17
ついて,ついて,23220,9,9
いく,いく,23220,12,35
やっと,やっと,23220,2,2
だ,だ,23220,3,3
専門用語,せんもんようご,4064,14,44
多すぎて,おおすぎて,26270,14,44
ついていくの,ついていくの,4064,14,44
電源,でんげん,4064,8,10
入れた,いれた,23220,9,9
！,！,23220,13,40
プランキッド,プランキッド,23220,8,17
作動,さどう,23220,8,17
みたい,みたい,23220,4,4
作動しない,さどうしない,14327,14,44
頼む,たのむ,23220,9,9
そこ,そこ,23220,6,6
黙ら,だまら,23220,9,9
ないで,ないで,4064,4,4
南,みなみ,23220,8,10
くん,くん,23220,12,29
南くん,みなみくん,4064,14,44
心配,しんぱい,23220,0,0
そうに,そうに,23220,12,33
私,わたし,4064,8,10
覗き,のぞき,23220,9,9
込む,こむ,23220,9,9
くんだ,くんだ,23220,9,9
った,った,23220,12,35
ん,ん,23220,4,4
ここ,ここ,23220,6,6
れる,れる,23220,12,35
本末転倒,ほんまつてんとう,4064,8,10
思えた,おもえた,23220,9,9
心配そうに,しんぱいそうに,41467,14,44
覗き込む,のぞきこむ,4064,14,44
くんだった,くんだった,22946,14,44
心配されるの,しんぱいされるの,45686,14,44
この,この,23220,6,7
資料,しりょう,23220,8,10
数式,すうしき,23220,8,10
明らかに,あきらかに,23220,0,0
趣味,しゅみ,23220,8,10
どう,どう,23220,6,8
考えて,かんがえて,23220,9,9
今回,こんかい,23220,8,19
説明,せつめい,23220,8,17
必要,ひつよう,23220,0,0
それ,それ,23220,6,6
わかって,わかって,23220,9,9
て,て,23220,12,35
仕組み,しくみ,23220,8,10
伝え,つたえ,23220,9,9
たい,たい,23220,12,33
数学,すうがく,23220,8,10
的な,てきな,23220,12,34
やっぱ,やっぱ,23220,2,2
別じゃ,べつじゃ,23220,0,0
な,な,23220,10,24
思う,おもう,4064,9,9
出てくる,でてくる,15048,14,44
わかってて,わかってて,56728,14,44
書いてる,かいてる,4064,14,44
伝えたいの,つたえたいの,739,14,44
数学的な,すうがくてきな,4064,14,44
別じゃない,べつじゃない,4064,14,44
そもそも,そもそも,23220,2,2
なんで,なんで,23220,2,2
目,め,4064,8,10
逸らそう,そらそう,23220,9,9
のだろう,のだろう,23220,4,4
いう,いう,4064,9,9
もの,もの,23220,8,12
さすが,さすが,23220,2,2
鍵,かぎ,23220,8,10
閉まって,しまって,23220,9,9
ようだ,ようだ,23220,4,4
負け,まけ,23220,8,10
犬,いぬ,23220,8,10
ぐ,ぐ,23220,8,10
すん,すん,23220,8,16
大人しく,大人しく,23220,0,0
なった,なった,23220,12,35
負け犬,まけいぬ,36703,14,44
ぐすん,ぐすん,4064,14,44
そ,そ,23220,0,0
会社,かいしゃ,4064,8,10
情報,じょうほう,23220,8,10
三上,みかみ,23220,8,16
部長,ぶちょう,23220,8,10
使用,しよう,23220,8,17
漏洩,ろうえい,23220,8,17
しまう,しまう,23220,12,35
可能,かのう,23220,0,0
性,せい,23220,12,29
ある,ある,23220,9,9
そしたら,そしたら,39638,14,44
三上部長,みかみぶちょう,4064,14,44
使用して,しようして,4064,14,44
漏洩してしまう,ろうえいしてしまう,4064,14,44
可能性,かのうせい,4064,14,44
そう,そう,23220,6,8
軟禁,なんきん,23220,8,17
萌夢,もえゆめ,4064,14,44
軟禁部屋,なんきんへや,4064,14,44
こんな,こんな,4064,6,7
心,しん,23220,8,10
叫び声,さけびごえ,23220,8,10
当然,とうぜん,23220,2,2
会議,かいぎ,23220,8,17
室,しつ,23220,8,10
誰,だれ,23220,8,10
届く,とどく,23220,9,9
はず,はず,23220,4,4
会議室,かいぎしつ,4064,14,44
はい,はい,23220,7,7
って,って,23220,10,22
セキュリティ,せきゅりてぃ,23220,8,10
関して,かんして,23220,9,9
どちら,どちら,4064,6,6
うるさい,うるさい,23220,0,0
方,かた,23220,8,10
理由,りゆう,23220,8,10
多分,たぶん,23220,2,2
妹,いもうと,4064,8,10
せい,せい,23220,8,11
しれ,しれ,23220,9,9
かも,かも,23220,10,23
せいしれない,せいしれない,52382,14,44
メモ,めも,23220,8,17
全然,ぜんぜん,23220,2,2
違う,ちがう,23220,9,9
ねっ,ねっ,23220,9,9
席,せき,23220,8,10
つく,つく,23220,9,9
次の,つぎの,23220,1,1
案件,あんけん,23220,8,10
始めた,はじめた,23220,9,9
小さく,ちいさく,4064,0,0
笑い,わらい,23220,9,9
ながら,ながら,4064,10,23
答えた,こたえた,23220,9,9
声,こえ,23220,8,10
反応,はんのう,23220,8,17
しよう,しよう,23220,9,9
反応しようしない,はんのうしようしない,38107,14,44
目的,もくてき,23220,8,10
いつまでも,いつまでも,23220,2,2
わたし,わたし,23220,8,10
子供,こども,23220,8,10
扱い,あつかい,23220,8,10
子供扱い,こどもあつかい,4064,14,44
申し訳ない,もうしわけない,23220,0,0
どっち,どっち,23220,6,6
フォロー,ふぉろー,23220,8,17
しようがない,しようがない,23220,0,0
取り出した,とりだした,23220,9,9
名刺,めいし,23220,8,10
たしかに,たしかに,23220,0,0
聞いた,きいた,23220,9,9
ような,ような,23220,4,4
出版,しゅっぱん,23220,8,17
社,やしろ,23220,8,10
名前,なまえ,23220,8,10
あった,あった,23220,12,35
出版社,しゅっぱんやしろ,4064,14,44
翌日,よくじつ,23220,8,19
いえば,いえば,23220,9,9
とろろ,とろろ,23220,8,10
芋,いも,23220,8,10
思い出した,おもいだした,23220,9,9
とろろ芋,とろろいも,4064,14,44
非常に,ひじょうに,23220,0,0
甘えた,あまえた,23220,9,9
顔,かお,23220,8,10
笹尾,笹尾,23220,8,16
先輩,せんぱい,23220,8,10
頭,かしら,23220,8,10
思い浮かべて,おもいうかべて,23220,9,9
ようだった,ようだった,23220,4,4
笹尾先輩,笹尾せんぱい,4064,14,44
こっち,こっち,4064,6,6
映る,うつる,4064,9,9
絶対,ぜったい,4064,2,2
素敵だ,すてきだ,23220,0,0
朱美ちゃん,あけみちゃん,4064,14,44
行動,こうどう,23220,8,17
早,はや,23220,0,0
褒める,ほめる,23220,9,9
べきな,べきな,23220,4,4
とりあえず,とりあえず,23220,2,2
弊社,へいしゃ,4064,8,10
ネットワーク,ねっとわーく,23220,8,10
構成,こうせい,23220,8,17
変える,かえる,23220,9,9
場合,ばあい,4064,8,11
相談,そうだん,23220,8,17
早さ,はやさ,4064,14,44
ネットワーク構成,ねっとわーくこうせい,4064,14,44
相談して,そうだんして,44793,14,44
売り場,うりば,23220,8,10
面積,めんせき,23220,8,10
広い,ひろい,23220,0,0
ため,ため,23220,8,11
店,みせ,23220,8,10
来れば,来れば,23220,9,9
およそ,およそ,23220,2,2
何でも,なんでも,4064,2,2
揃って,そろって,23220,9,9
売り場面積,うりばめんせき,4064,14,44
ほんと,ほんと,4064,0,0
もぅ,もう,23220,8,10
～,～,23220,8,10
どうして,どうして,23220,6,8
笑顔,えがお,23220,8,10
なくて,なくて,23220,12,33
じゃ,じゃ,23220,3,3
なきゃ,なきゃ,23220,12,33
ダメな,だめな,23220,0,0
ほんともぅ～,ほんともう～,61802,14,44
南くんなくて,みなみくんなくて,31608,14,44
私なきゃ,わたしなきゃ,4064,14,44
知ら,しら,23220,9,9
そんなの,そんなの,4064,14,44
相手,あいて,23220,8,10
辺り,あたり,23220,8,10
全く,まったく,23220,2,2
だろう,だろう,23220,4,4
深層,しんそう,23220,8,10
学習,がくしゅう,23220,8,17
普及,ふきゅう,23220,8,17
した,した,23220,9,9
経緯,けいい,4064,8,17
基本,きほん,23220,8,10
作り,つくり,4064,8,10
部分,ぶぶん,23220,8,10
あり,あり,23220,9,9
そうだ,そうだ,23220,12,33
知らない,しらない,4064,14,44
深層学習,しんそうがくしゅう,4064,14,44
普及した,ふきゅうした,4064,14,44
基本的な,きほんてきな,4064,14,44
相変わらず,あいかわらず,23220,2,2
面白い,おもしろい,23220,0,0
言う,いう,23220,9,9
なぁ〜,なあ,23220,10,24
じゃー,じゃ,23220,3,3
いただき,いただき,23220,9,9
まーす,ます,23220,12,35
通常,つうじょう,23220,8,19
自宅,じたく,23220,8,10
ポート,ポート,4064,8,10
開放,かいほう,23220,8,17
ケース,けーす,4064,8,10
まず,まず,23220,2,2
言って,いって,23220,9,9
いい,いい,4064,0,0
開放する,かいほうする,4064,14,44
こんなに,こんなに,23220,6,8
真っ直ぐで,まっすぐで,4064,0,0
とっても,とっても,4064,2,2
的で,てきで,23220,12,34
行動的で,こうどうてきで,19584,14,44
教育,きょういく,23220,8,17
係,かかり,23220,8,10
実は,じつは,23220,2,2
めっちゃ,めっちゃ,4064,2,2
大変な,たいへんな,23220,0,0
ぞ,ぞ,23220,10,24
教育係,きょういくかかり,4064,14,44
やりとり,やりとり,23220,8,17
一理,いちり,23220,8,10
デモ,でも,23220,8,10
行う,おこなう,4064,9,9
今週,こんしゅう,23220,8,19
木曜日,もくようび,23220,8,19
あと,あと,23220,8,19
2,2,23220,8,18
日,にち,23220,12,31
準備,じゅんび,4064,8,17
行うの,おこなうの,48812,14,44
2日,2にち,669,14,44
会話,かいわ,23220,8,17
どうしても,どうしても,23220,2,2
彼,かれ,23220,8,10
なり,なり,23220,8,10
納得,なっとく,23220,8,17
納得できなかった,なっとくできなかった,2743,14,44
彼なり,かれなり,4064,14,44
圧倒,あっとう,23220,8,17
景観,けいかん,23220,8,10
羨ましい,羨ましい,23220,0,0
気持ち,きもち,4064,8,10
圧倒的な,あっとうてきな,4064,14,44
こんにちわ,こんにちわ,23220,8,10
アケミサン,アケミサン,23220,8,17
デ,デ,23220,8,17
シャシンヲトウロクシマス,シャシンヲトウロクシマス,23220,8,17
アケミサンデ,アケミサンデ,4064,14,44
堂々と,どうどうと,23220,0,0
存在,そんざい,23220,8,17
感,かん,23220,8,10
力強く,ちからづよく,23220,0,0
見た目,みため,23220,8,10
以上,いじょう,23220,12,29
オーラ,オーラ,23220,8,10
放って,はなって,23220,9,9
堂々とした,どうどうとした,16615,14,44
存在感,そんざいかん,41248,14,44
見た目以上,みためいじょう,4064,14,44
風,ふう,23220,8,10
返して,かえして,23220,9,9
ととと,ととと,23220,8,10
っと,っと,23220,10,21
階段,かいだん,4064,8,10
駆け,かけ,23220,9,9
下りる,おりる,4064,9,9
聞こえて,きこえて,23220,9,9
目の前,めのまえ,23220,8,10
可愛らしい,かわいらしい,4064,0,0
女の子,おんなのこ,23220,8,10
現れた,あらわれた,23220,9,9
聞こえてきた,きこえてきた,4064,14,44
お疲れさま,お疲れさま,23220,0,0
ハロー,はろー,23220,7,7
ドアヲセジョウシテ,ドアヲセジョウシテ,23220,8,17
大きく,おおきく,23220,0,0
飛ばし,とばし,23220,9,9
こう,こう,4064,6,8
笑い飛ばし,わらいとばし,42866,14,44
でも,でも,23220,5,5
仕事,しごと,23220,8,17
こなせる,こなせる,23220,9,9
不安だった,ふあんだった,23220,0,0
ただ,ただ,23220,2,2
逆の,ぎゃくの,4064,0,0
見方,みかた,23220,8,10
騙し,だまし,23220,9,9
騙しやすい,だましやすい,4064,14,44
相手ある,あいてある,24240,14,44
おそらく,おそらく,23220,2,2
技術,ぎじゅつ,23220,8,10
中身,なかみ,23220,8,10
だけ,だけ,23220,10,22
示した,しめした,23220,9,9
ところ,ところ,23220,8,11
うまく,うまく,4064,0,0
思え,おもえ,23220,9,9
ごめん,ごめん,23220,7,7
やっぱり,やっぱり,23220,2,2
却下,きゃっか,23220,8,17
なんでもない,なんでもない,23220,0,0
今,いま,23220,8,19
わかった,わかった,23220,9,9
今の,いまの,54433,14,44
アパート,あぱーと,4064,8,10
駅,えき,23220,8,10
見る,みる,23220,9,9
西,にし,23220,8,10
方角,ほうがく,23220,8,10
同じ,おなじ,23220,0,0
最寄,最寄,23220,8,10
言え,いえ,23220,9,9
やや,やや,23220,2,2
場所,ばしょ,4064,8,10
最寄駅,最寄えき,4064,14,44
本当に,ほんとうに,23220,0,0
何事,なにごと,23220,8,10
さらっと,さらっと,23220,2,2
３,３,23220,8,18
日間,にちかん,23220,12,31
しか,しか,23220,10,22
使え,つかえ,23220,9,9
なるべく,なるべく,23220,2,2
多く,おおく,23220,0,0
撮って,とって,23220,9,9
毎回,まいかい,4064,8,19
使う,つかう,23220,9,9
３日間,３にちかん,4064,14,44
使えない,つかえない,48016,14,44
Try：,Try：,23220,8,10
新しく,あたらしく,23220,0,0
挑戦,ちょうせん,23220,8,17
挑戦したい,ちょうせんしたい,4064,14,44
えっ,えっ,23220,7,7
兄,あに,23220,8,10
信用,しんよう,23220,8,17
こそ,こそ,23220,10,22
自ら,みずから,23220,2,2
出来,でき,23220,9,9
ドア,どあ,4064,8,10
唯一,ゆいいつ,23220,2,2
可能だった,かのうだった,23220,0,0
はずの,はずの,23220,4,4
さえ,さえ,23220,10,22
解除,かいじょ,23220,8,17
認証,にんしょう,23220,8,17
システム,しすてむ,23220,8,10
取り付けて,とりつけて,23220,9,9
しまった,しまった,23220,12,35
信用している,しんようしている,58049,14,44
制御すること出来ない,せいぎょすることできない,24202,14,44
制御可能だった,せいぎょかのうだった,4064,14,44
解除する,かいじょする,4064,14,44
出来ない,できない,64609,14,44
認証システム,にんしょうしすてむ,4064,14,44
抜かり,ぬかり,23220,9,9
なく,なく,23220,12,33
確実に,かくじつに,23220,0,0
修正,しゅうせい,23220,8,17
パッチ,ぱっち,23220,8,10
適用,てきよう,23220,8,17
よう,よう,23220,8,11
設計,せっけい,23220,8,17
のだった,のだった,23220,4,4
抜かりなく,ぬかりなく,4064,14,44
適用される,てきようされる,4064,14,44
修正パッチ,しゅうせいぱっち,4064,14,44
設計している,せっけいしている,51288,14,44
教えて,おしえて,23220,9,9
あげ,あげ,23220,9,9
よ〜,よ,23220,10,24
以前,いぜん,23220,8,19
すぎ,すぎ,23220,12,29
本当の,ほんとうの,23220,0,0
立川,たてかわ,23220,8,15
立川南,たてかわみなみ,4064,14,44
くすぐって,くすぐって,23220,9,9
あげよう,あげよう,23220,9,9
こらー,こら,23220,7,7
ー,ー,23220,8,17
あったら,あったら,23220,9,9
ちゃんと,ちゃんと,23220,2,2
報告,ほうこく,23220,8,17
なさい,なさい,23220,12,35
南ー何,みなみーなに,4064,14,44
報告しなさい,ほうこくしなさい,3995,14,44
女性,じょせい,23220,8,10
驚く,おどろく,23220,9,9
高い,たかい,23220,0,0
制止,せいし,23220,8,17
より,より,23220,10,23
照れて,てれて,23220,9,9
素振り,そぶり,23220,8,10
見せて,みせて,23220,9,9
いた,いた,23220,12,35
制止している,せいししている,4064,14,44
照れてる,てれてる,4064,14,44
つまり,つまり,23220,2,2
操作,そうさ,23220,8,17
悪い,わるい,4064,0,0
だったら,だったら,4064,3,3
起きる,おきる,4064,9,9
操作している,そうさしている,4064,14,44
ぐすんぐすん,ぐすんぐすん,4064,2,2
聴こえて,聴こえて,23220,9,9
どうやら,どうやら,23220,2,2
いつも,いつも,4064,2,2
弁当,べんとう,23220,8,10
既に,すでに,23220,2,2
売り,うり,23220,9,9
切れて,きれて,23220,9,9
お弁当,おべんとう,13005,14,44
らしい,らしい,23220,4,4
痛い,いたい,23220,0,0
理解,りかい,23220,8,17
できた,できた,23220,9,9
理解できた,りかいできた,1413,14,44
憧れ,憧れ,4064,8,16
かけて,かけて,23220,9,9
頃,ころ,4064,8,11
すっかり,すっかり,23220,2,2
真っ暗に,まっくらに,23220,0,0
なって,なって,23220,12,35
かけてきた,かけてきた,4064,14,44
やはり,やはり,23220,2,2
淡い,あわい,23220,0,0
期待,きたい,23220,8,17
無駄だった,むだだった,23220,0,0
エアコン,えあこん,23220,8,10
温度,おんど,23220,8,10
調整,ちょうせい,23220,8,17
音楽,おんがく,4064,8,10
ボリューム,ぼりゅーむ,23220,8,10
全部,ぜんぶ,23220,2,2
管理,かんり,23220,8,17
れて,れて,23220,12,35
正直,しょうじき,23220,2,2
なんか,なんか,23220,10,22
ずっと,ずっと,4064,2,2
革新,かくしん,23220,8,17
温度調整,おんどちょうせい,17458,14,44
革新的な,かくしんてきな,16822,14,44
管理されてて,かんりされてて,4064,14,44
今日,こんにち,23220,8,19
晩,ばん,23220,8,19
ごはん,ごはん,23220,8,10
カレー,かれー,23220,8,10
晩ごはん,ばんごはん,4064,14,44
考えたら,かんがえたら,23220,9,9
さっき,さっき,23220,8,10
まで,まで,4064,10,21
くよくよ,くよくよ,23220,2,2
た,た,23220,12,33
あほらしく,あほらしく,4064,0,0
してた,してた,4064,14,44
雨,う,23220,8,10
止む,やむ,23220,9,9
時間,じかん,23220,8,19
経って,たって,23220,9,9
しまい,しまい,23220,12,35
１５,１５,23220,8,18
時,じ,23220,12,31
予約,よやく,23220,8,17
入って,はいって,23220,9,9
ので,ので,23220,4,4
ひとまず,ひとまず,23220,2,2
出る,でる,23220,9,9
経ってしまい,たってしまい,19328,14,44
１５時,１５じ,6880,14,44
入っていた,はいっていた,33328,14,44
裏腹に,うらはらに,23220,0,0
なんだか,なんだか,23220,2,2
妙に,みょうに,23220,0,0
落ち着いて,おちついて,23220,9,9
大丈夫だ,だいじょうぶだ,23220,0,0
さん,さん,23220,12,29
大,おお,23220,11,25
好物,こうぶつ,23220,8,10
スピーカー,すぴーかー,23220,8,10
関係,かんけい,23220,8,17
萌夢さん,もえゆめさん,4064,14,44
大好物,おおこうぶつ,10165,14,44
AIスピーカー,AIすぴーかー,4064,14,44
ついてるの,ついてるの,55176,14,44
関係している,かんけいしている,47251,14,44
呆然と,ぼうぜんと,23220,0,0
え？,え？,23220,8,10
１,１,23220,8,18
昼,ひる,23220,8,19
休み,やすみ,23220,8,10
１４,１４,23220,8,18
近く,ちかく,23220,8,10
食堂,しょくどう,23220,8,10
へ,へ,23220,10,21
向かった,むかった,23220,9,9
１時間ほど,１じかんほど,22575,14,44
昼休み,ひるやすみ,4064,14,44
１４時,１４じ,4064,14,44
予約する,よやくする,20458,14,44
話して,はなして,23220,9,9
通じ,つうじ,23220,9,9
技術用語,ぎじゅつようご,49238,14,44
SOS,SOS,4064,8,14
求めて,もとめて,23220,9,9
はずな,はずな,23220,4,4
のに,のに,23220,4,4
んだろう,んだろう,23220,4,4
肝,きも,4064,8,10
据わって,すわって,23220,9,9
それとも,それとも,23220,5,5
単に,たんに,23220,2,2
性格,せいかく,4064,8,10
求めてる,もとめてる,15507,14,44
据わっているそれとも,すわっているそれとも,22692,14,44
ちなみに,ちなみに,23220,5,5
まだ,まだ,23220,2,2
ノート,のーと,23220,8,17
PC,PC,23220,8,14
睨めっこ,にらめっこ,23220,8,17
ノートPC,のーとPC,4064,14,44
終電,しゅうでん,4064,8,10
周り,まわり,23220,8,10
酔った,よった,23220,9,9
客,きゃく,23220,8,10
ばかり,ばかり,23220,10,22
改めて,あらためて,23220,2,2
毎日,まいにち,23220,8,19
疲れ,つかれ,23220,8,10
様,さま,23220,12,29
思って,おもって,23220,9,9
お疲れ様,おつかれさま,4064,14,44
余韻,よいん,23220,8,10
打ち消す,うちけす,4064,9,9
東海道,とうかいどう,23220,8,15
線,せん,23220,8,10
熱海,あたみ,23220,8,15
行き,いき,23220,12,29
電車,でんしゃ,23220,8,10
ホーム,ほーむ,23220,8,10
滑り,すべり,23220,9,9
込んで,こんで,23220,9,9
東海道線熱海行き,とうかいどうせんあたみいき,5626,14,44
言葉,ことば,23220,8,10
先行,せんこう,23220,8,17
がちだ,がちだ,23220,12,33
作った,つくった,23220,9,9
先行しがちだ,せんこうしがちだ,9123,14,44
２,２,23220,8,18
住める,すめる,23220,9,9
借りる,かりる,23220,9,9
中古,ちゅうこ,23220,8,10
買っちゃ,かっちゃ,23220,9,9
ほう,ほう,23220,8,11
安く,やすく,23220,0,0
父,ちち,23220,8,10
言い,いい,23220,9,9
出して,だして,23220,9,9
そこそこ,そこそこ,4064,2,2
手頃な,てごろな,4064,0,0
金額,きんがく,23220,8,10
物件,ぶっけん,23220,8,10
一括,いっかつ,23220,8,17
２人,２にん,4064,14,44
買っちゃった,かっちゃった,19354,14,44
安くない,やすくない,8599,14,44
言い出して,いいだして,26830,14,44
中古物件,ちゅうこぶっけん,4064,14,44
ああ,ああ,23220,7,7
ありがとう,ありがとう,4064,7,7
Keep,Keep,23220,8,14
:,:,23220,8,10
\,\,23220,13,41
笑わ,わらわ,23220,9,9
せる,せる,23220,12,35
Keep:朱美ちゃん,Keep:あけみちゃん,2373,14,44
限り,かぎり,23220,8,11
とんでもない,とんでもない,23220,0,0
イメージ,いめーじ,4064,8,17
意外に,いがいに,23220,0,0
しっかり,しっかり,4064,2,2
そうな,そうな,23220,12,33
妹さん,いもうとさん,4064,14,44
してそうな,してそうな,60653,14,44
認めて,みとめて,23220,9,9
もらえ,もらえ,23220,12,35
ず,ず,23220,4,4
一,一,23220,8,18
度,ど,23220,12,31
たり,たり,23220,8,10
成功,せいこう,23220,8,17
認めてもらえ,みとめてもらえ,13270,14,44
成功しなかった,せいこうしなかった,10352,14,44
一度,一ど,21618,14,44
そこら,そこら,23220,8,10
辺,へん,23220,8,10
気,き,4064,8,10
あげて,あげて,23220,9,9
ください,ください,23220,12,35
そこら辺,そこらへん,24238,14,44
無茶苦茶な,むちゃくちゃな,23220,0,0
である,である,23220,3,3
間違え,まちがえ,23220,9,9
一応,いちおう,23220,2,2
段取り,だんどり,23220,8,10
それなり,それなり,4064,8,10
決まって,きまって,23220,9,9
間違えなかった,まちがえなかった,11421,14,44
具体,ぐたい,23220,8,10
内容,ないよう,23220,8,10
何も,なにも,23220,2,2
んです,んです,23220,4,4
具体的な,ぐたいてきな,4064,14,44
決まってない,きまってない,4064,14,44
驚いて,おどろいて,23220,9,9
ついた,ついた,23220,9,9
とき,とき,23220,8,11
シャッター,しゃったー,4064,8,10
押さ,おさ,23220,9,9
夜,よる,23220,8,19
街並み,まちなみ,23220,8,10
よく,よく,4064,0,0
見え,みえ,23220,9,9
空,そら,23220,8,10
一面に,いちめんに,23220,0,0
無数の,むすうの,4064,0,0
星空,ほしぞら,23220,8,10
輝いて,かがやいて,23220,9,9
見えない,みえない,1334,14,44
大嫌い,だいきらい,23220,0,0
どきっと,どきっと,4064,2,2
とって,とって,23220,9,9
最大の,さいだいの,23220,0,0
ウィークポイント,ウィークポイント,23220,8,17
ウィークポイントしれない,ウィークポイントしれない,39902,14,44
綺麗な,きれいな,23220,0,0
ひょっとして,ひょっとして,23220,2,2
泣いて,ないて,23220,9,9
利か,きか,23220,9,9
なっちゃ,なっちゃ,23220,12,35
買い物,かいもの,23220,8,17
買い物している,かいものしている,39605,14,44
かしゃ,かしゃ,23220,8,10
だって,だって,23220,10,22
こういう,こういう,23220,6,7
人間,にんげん,23220,8,10
あまり,あまり,23220,2,2
書く,かく,23220,9,9
得意な,とくいな,23220,0,0
こういうの,こういうの,41379,14,44
書くの,かくの,4064,14,44
方ない,ほうない,64763,14,44
とても,とても,23220,2,2
ら,ら,23220,12,29
センサー,せんさー,23220,8,10
全,ぜん,23220,11,25
てこ,てこ,51764,8,10
接続,せつぞく,23220,8,17
これら,これら,4064,14,44
全てこ,ぜんてこ,4064,14,44
接続されている,せつぞくされている,4064,14,44
大丈夫,だいじょうぶ,23220,0,0
暖かい,あたたかい,23220,0,0
いわゆる,いわゆる,23220,1,1
脆弱,ぜいじゃく,23220,0,0
見つけた,みつけた,4064,9,9
脆弱性,ぜいじゃくせい,4064,14,44
やられて,やられて,23220,9,9
ばかりで,ばかりで,23220,4,4
いけない,いけない,23220,0,0
もん,もん,23220,8,12
やられてる,やられてる,51983,14,44
言ってる,いってる,4064,14,44
先週,せんしゅう,23220,8,19
情けない,なさけない,4064,0,0
綺麗,きれい,23220,0,0
言える,いえる,23220,9,9
後ろ,うしろ,23220,8,10
向いて,むいて,23220,9,9
い,い,23220,12,35
られ,られ,23220,12,35
欲しい,ほしい,23220,0,0
わたし朱美さん,わたしあけみさん,18281,14,44
帰ろ,かえろ,23220,9,9
っ,っ,23220,12,35
そんなに,そんなに,23220,6,8
自信,じしん,23220,8,10
勿体,もったい,23220,8,10
な〜って,なって,23220,12,35
朱美ちゃんて,あけみちゃんて,64653,14,44
勿体ないな〜って,もったいないなって,31178,14,44
してる,してる,63992,14,44
なさそうな,なさそうな,23164,14,44
ふーん,ふーん,23220,7,7
主張,しゅちょう,4064,8,17
必要の,ひつようの,23220,0,0
箇所,かしょ,4064,8,10
まさか,まさか,23220,2,2
知り合い,しりあい,4064,8,10
感想,かんそう,4064,8,10
つい,つい,23220,2,2
ぼそっと,ぼそっと,23220,2,2
弱音,よわね,23220,8,10
吐いて,はいて,23220,9,9
きつね,きつね,23220,8,10
点,てん,23220,8,10
さておき,さておき,23220,9,9
可愛い,かわいい,4064,0,0
彩ら,いろどら,23220,9,9
違うの,ちがうの,26600,14,44
彩られてる,いろどられてる,4064,14,44
今にも,いまにも,23220,2,2
喋り,しゃべり,23220,9,9
だし,だし,23220,9,9
鮮やかな,あざやかな,23220,0,0
スカイブルー,スカイブルー,23220,8,17
何もかも,なにもかも,23220,2,2
吸収,きゅうしゅう,23220,8,17
喋りだしそうな,しゃべりだしそうな,31792,14,44
吸収してしまいそうな,きゅうしゅうしてしまいそうな,52497,14,44
Try,Try,23220,8,14
顧客,こきゃく,23220,8,10
作って,つくって,23220,9,9
ほしい,ほしい,23220,0,0
聞き,きき,23220,9,9
出す,だす,23220,9,9
Try:顧客,Try:こきゃく,4064,14,44
作ってほしい,つくってほしい,4064,14,44
へぇ〜,へえ,23220,7,7
うーん,うん,23220,7,7
的に,てきに,23220,12,34
乗っ取ら,のっとら,23220,9,9
れたら,れたら,23220,12,35
超,ちょう,23220,11,28
危険,きけん,23220,0,0
ゆう,ゆう,23220,8,19
スリル,すりる,23220,8,10
満点,まんてん,23220,8,10
セキュリティ的に,せきゅりてぃてきに,4064,14,44
乗っ取られたら,のっとられたら,6873,14,44
超危険,ちょうきけん,22286,14,44
スリル満点,すりるまんてん,4064,14,44
窓,まど,4064,8,10
外,ほか,23220,8,10
降る,ふる,23220,9,9
金,きん,23220,8,10
降って,ふって,23220,9,9
きたら,きたら,23220,12,35
きっと,きっと,23220,2,2
世の中,よのなか,23220,8,10
経済,けいざい,4064,8,10
破綻,はたん,23220,8,17
お金,おきん,4064,14,44
降ってきたら,ふってきたら,49822,14,44
破綻する,はたんする,48526,14,44
なに,なに,23220,8,10
わーい,わい,23220,9,9
どういう,どういう,4064,6,7
何がなんでも,なにがなんでも,23220,2,2
素敵な,すてきな,23220,0,0
所詮,しょせん,23220,2,2
ホビー,ホビー,23220,8,10
用,よう,23220,12,29
です,です,23220,3,3
ホビー用,ホビーよう,4064,14,44
ソフトウェア,そふとうぇあ,23220,8,10
開発,かいはつ,23220,8,17
アジャイル,アジャイル,23220,0,0
呼ば,よば,23220,9,9
技法,ぎほう,23220,8,10
手法,しゅほう,4064,8,10
つ,つ,23220,12,31
振り返り,ふりかえり,23220,8,10
ソフトウェア開発,そふとうぇあかいはつ,37754,14,44
存在し,そんざいし,57580,14,44
アジャイル開発,アジャイルかいはつ,4064,14,44
呼ばれる,よばれる,4064,14,44
一つ,一つ,10170,14,44
頼りない,たよりない,23220,0,0
たくさん,たくさん,23220,2,2
知って,しって,23220,9,9
予感,よかん,4064,8,17
的中,てきちゅう,23220,8,17
笑う,わらう,23220,9,9
的中しすぎて,てきちゅうしすぎて,47802,14,44
今月,こんげつ,23220,8,19
末,まつ,23220,12,32
決める,きめる,4064,9,9
今月末,こんげつまつ,60948,14,44
具体的に,ぐたいてきに,49888,14,44
話なかった,はなしなかった,20448,14,44
ち,ち,23220,8,10
逸らさ,そらさ,23220,9,9
もっと,もっと,23220,2,2
見て,みて,23220,9,9
泣き,なき,23220,9,9
願い,ねがい,23220,8,10
本意,ほんい,23220,8,10
聞いて,きいて,23220,9,9
みる,みる,23220,12,35
泣きそうになり,なきそうになり,33581,14,44
お願い,おねがい,4064,14,44
感激,かんげき,4064,8,17
周,しゅう,23220,12,31
考える,かんがえる,23220,9,9
一周,一しゅう,4064,14,44
また,また,23220,10,23
思わず,おもわず,23220,2,2
ため息,ためいき,23220,8,10
星,ほし,4064,8,10
つなぐ,つなぐ,23220,9,9
出来たら,できたら,23220,9,9
どれ,どれ,23220,6,6
明るい,あかるい,4064,0,0
つなぐこと出来たら,つなぐことできたら,8286,14,44
詰まって,つまって,23220,9,9
ただいま,ただいま,23220,7,7
どんな,どんな,23220,6,7
べき,べき,4064,4,4
書いてあるの,かいてあるの,62105,14,44
基本中,きほんちゅう,4064,14,44
たとえば,たとえば,23220,2,2
新人,しんじん,23220,8,10
題材,だいざい,23220,8,10
活かそう,いかそう,23220,9,9
なら,なら,23220,10,22
これほど,これほど,23220,2,2
完璧な,かんぺきな,4064,0,0
新人教育,しんじんきょういく,4064,14,44
活かそうもの,いかそうもの,32417,14,44
感染,かんせん,23220,8,17
感染する,かんせんする,4064,14,44
しよ,しよ,23220,9,9
そんじゃ,そんじゃ,4064,0,0
朱実,あけみ,23220,8,10
朱実ちゃん,あけみちゃん,11022,14,44
少し,すこし,23220,2,2
簡単に,かんたんに,4064,0,0
ならば,ならば,23220,4,4
者,しゃ,23220,12,29
目線,めせん,23220,8,10
ユーザー,ゆーざー,23220,8,10
ユーザー目線,ゆーざーめせん,42408,14,44
開発者目線なく,かいはつしゃめせんなく,31533,14,44
小,しょう,23220,11,25
皿,さら,23220,8,10
用意,ようい,23220,8,17
スプーン,すぷーん,23220,8,10
杯,はい,23220,12,31
分,ふん,23220,12,31
くらい,くらい,23220,10,22
のせた,のせた,23220,9,9
小皿,しょうさら,4064,14,44
用意して,よういして,56859,14,44
カレー用スプーン,かれーようすぷーん,58722,14,44
一杯分,一はいふん,4064,14,44
わー,わー,4064,7,7
よかった,よかった,23220,0,0
んだろ,んだろ,23220,4,4
了,りょう,23220,8,16
解っ,解っ,23220,9,9
すぐ,すぐ,23220,2,2
隣り,となり,23220,8,10
横,よこ,23220,8,10
さらに,さらに,4064,2,2
詳しい,くわしい,23220,0,0
解説,かいせつ,4064,8,17
くれた,くれた,23220,12,35
表情,ひょうじょう,23220,8,10
心なし,こころなし,23220,0,0
寂し,さびし,23220,0,0
写真認証システム,しゃしんにんしょうしすてむ,4064,14,44
してくれた,してくれた,3187,14,44
それにしても,それにしても,23220,5,5
坂,さか,23220,8,10
上,うえ,23220,8,11
すごく,すごく,4064,0,0
見晴らし,みはらし,23220,8,10
良くて,よくて,23220,0,0
視野,しや,4064,8,10
横浜,よこはま,23220,8,15
案外,あんがい,23220,2,2
神奈川,かながわ,4064,8,15
県,けん,23220,12,32
内,ない,23220,12,29
住んで,すんで,23220,9,9
ひと,ひと,23220,8,18
り,り,23220,12,31
神奈川県内,かながわけんない,4064,14,44
住んでいる,すんでいる,4064,14,44
ひとり,ひとり,4064,14,44
下,した,23220,8,10
向いた,むいた,23220,9,9
まま,まま,23220,10,23
傘,かさ,23220,8,10
くるくる,くるくる,23220,2,2
回して,まわして,23220,9,9
のだ,のだ,23220,4,4
急に,きゅうに,23220,0,0
夕焼け,ゆうやけ,23220,8,10
日差し,ひざし,23220,8,10
光景,こうけい,23220,8,10
鮮明に,せんめいに,23220,0,0
覚えて,おぼえて,23220,9,9
入ってきた,はいってきた,41908,14,44
ホワイトボード,ホワイトボード,23220,8,17
書か,かか,23220,9,9
スケジュール,すけじゅーる,23220,8,10
書かれる,かかれる,4064,14,44
メモしていた,めもしていた,17784,14,44
ふと,ふと,23220,2,2
出し,だし,23220,9,9
気のせい,きのせい,23220,8,10
泣き出しそうな,なきだしそうな,48460,14,44
しているの,しているの,4064,14,44
週間,しゅうかん,23220,12,31
前,まえ,23220,12,29
実験,じっけん,23220,8,17
一週間前,一しゅうかんまえ,4064,14,44
書き,かき,23220,9,9
終わり,おわり,23220,9,9
ました,ました,23220,12,35
今後,こんご,23220,8,19
まとめて,まとめて,23220,9,9
いった,いった,23220,12,35
Problem,Problem,23220,8,14
喧嘩,けんか,23220,8,17
Problem:萌夢,Problem:もえゆめ,26740,14,44
喧嘩してしまった,けんかしてしまった,21370,14,44
魔法使い,まほうつかい,23220,8,10
魔法,まほう,23220,8,10
杖,つえ,23220,8,10
大声,おおごえ,23220,8,10
熱く,あつく,4064,0,0
語って,かたって,23220,9,9
杖ない,つえない,4064,14,44
食べ,たべ,23220,9,9
終わる,おわる,23220,9,9
階,かい,23220,12,31
奥,おく,4064,8,10
案内,あんない,23220,8,17
れた,れた,23220,12,35
食べ終わる,たべおわる,24287,14,44
案内された,あんないされた,5147,14,44
２階,２かい,4064,14,44
大学生,だいがくせい,23220,8,10
あの,あの,23220,6,7
ちょっと,ちょっと,23220,2,2
うざい,うざい,23220,0,0
片付け,かたづけ,23220,9,9
ぶつぶつ,ぶつぶつ,23220,2,2
繰り返して,くりかえして,23220,9,9
特に,とくに,23220,2,2
感じ,かんじ,23220,9,9
どっと,どっと,23220,2,2
押し寄せて,おしよせて,23220,9,9
繰り返してきた,くりかえしてきた,2239,14,44
感じなかった,かんじなかった,45494,14,44
こんにちは,こんにちは,23220,7,7
思い,おもい,23220,9,9
助け,たすけ,23220,9,9
方法,ほうほう,4064,8,10
できれば,できれば,23220,9,9
考え,かんがえ,23220,9,9
たく,たく,23220,12,33
であって,であって,23220,3,3
他,ほか,23220,8,11
見つけて,みつけて,23220,9,9
―,―,23220,13,40
思いついた,おもいついた,4064,14,44
助け出す,たすけだす,58733,14,44
考えたくない,かんがえたくない,4064,14,44
見つけてくれる,みつけてくれる,4064,14,44
鋭い,するどい,4064,0,0
ツッコミ,ツッコミ,23220,8,10
的,まと,23220,8,10
得て,えて,23220,9,9
有望な,ゆうぼうな,23220,0,0
女子,じょし,23220,8,10
生,せい,23220,8,10
是非,ぜひ,23220,2,2
来て,来て,23220,9,9
女子大生,じょしだいせい,4064,14,44
来てほしい,来てほしい,4064,14,44
近辺,きんぺん,23220,8,10
洋風,ようふう,23220,8,10
西洋風,にしようふう,4064,14,44
や,や,4064,10,23
やって,やって,4064,9,9
ダメダメ,だめだめ,23220,8,10
そんなのない,そんなのない,32555,14,44
小さな,ちいさな,23220,1,1
販売,はんばい,23220,8,17
実績,じっせき,23220,8,10
依頼,いらい,23220,8,17
依頼した,いらいした,51591,14,44
販売した,はんばいした,47713,14,44
残さ,のこさ,23220,9,9
回,かい,23220,12,31
作ろう,つくろう,23220,9,9
何回カメラ,なんかいかめら,4064,14,44
家賃,やちん,4064,8,10
問題,もんだい,23220,8,10
変わり,かわり,23220,8,10
別,べつ,23220,12,29
わかり,わかり,23220,9,9
ほどなく,ほどなく,10945,14,44
わかりそうな,わかりそうな,49278,14,44
午前,ごぜん,23220,8,19
午前中,ごぜんちゅう,1742,14,44
たじたじ,たじたじ,23220,2,2
できるどうなくて,できるどうなくて,4064,14,44
とゆう,とゆう,23220,8,10
判断,はんだん,23220,8,17
いったい,いったい,23220,2,2
何の,なんの,23220,1,1
無責任,むせきにん,23220,0,0
上司,じょうし,23220,8,10
が〜,が,23220,10,21
酷い,酷い,23220,0,0
言わ,いわ,23220,9,9
れ,れ,23220,12,35
言ってくる,いってくる,27764,14,44
みたいな,みたいな,23220,4,4
態度,たいど,23220,8,10
節々,ふしぶし,4064,8,10
られる,られる,23220,12,35
見ている,みている,50453,14,44
ありたい,ありたい,49792,14,44
感動,かんどう,23220,8,17
的だった,てきだった,23220,12,34
感動的だった,かんどうてきだった,19260,14,44
付箋,ふせん,23220,8,10
紙,し,23220,8,10
それぞれ,それぞれ,23220,2,2
該当,がいとう,23220,8,17
貼った,はった,23220,9,9
３枚,３まい,4064,14,44
付箋紙,ふせんし,4064,14,44
該当箇所,がいとうかしょ,4064,14,44
まずは,まずは,23220,2,2
一口,ひとくち,23220,8,10
スマホ,スマホ,23220,8,10
取り出して,とりだして,23220,9,9
さっと,さっと,23220,2,2
アプリ,あぷり,4064,8,10
起動,きどう,23220,8,17
レンズ,れんず,4064,8,10
差し出した,さしだした,23220,9,9
起動した,きどうした,4064,14,44
聞こえた,きこえた,4064,9,9
二,二,23220,8,18
暮らし,くらし,23220,8,10
朝食,ちょうしょく,23220,8,10
作る,つくる,23220,9,9
担当,たんとう,23220,8,17
夕食,ゆうしょく,23220,8,10
二人暮らし,二にんくらし,49685,14,44
作るの,つくるの,24367,14,44
実際,じっさい,23220,2,2
先,さき,23220,8,10
予定,よてい,23220,8,17
純粋で,じゅんすいで,23220,0,0
それでいて,それでいて,23220,5,5
危なかしく,あぶなかしく,23220,0,0
おけ,おけ,23220,12,35
ムリ,むり,23220,8,17
クライアント,くらいあんと,23220,8,10
流行り,はやり,23220,8,10
旬,しゅん,23220,8,10
キーワード,きーわーど,4064,8,10
認めている,みとめている,61365,14,44
もっとも,もっとも,23220,2,2
駅名,えきめい,4064,8,10
姓,せい,23220,8,10
けども,けども,23220,10,23
語,ご,23220,8,10
句,く,23220,8,10
切れる,きれる,23220,9,9
見事な,みごとな,23220,0,0
一致,いっち,23220,8,17
しまって,しまって,23220,12,35
存在するない,そんざいするない,15891,14,44
一致してしまっている,いっちしてしまっている,9662,14,44
一語,一ご,59597,14,44
一句,一く,1146,14,44
元気,げんき,23220,0,0
取り戻して,とりもどして,23220,9,9
困ら,こまら,23220,9,9
やめ,やめ,23220,9,9
これ以上,これいじょう,4064,14,44
困らせるの,こまらせるの,4064,14,44
ツッコむ,ツッコむ,23220,9,9
セキュリティー,せきゅりてぃ,23220,8,10
破ら,やぶら,23220,9,9
ひとつ,ひとつ,4064,14,44
破られてしまう,やぶられてしまう,4064,14,44
んじゃ,んじゃ,23220,4,4
あれこれ,あれこれ,4064,2,2
言ったり,いったり,23220,9,9
力,りょく,23220,8,10
十分,じゅうぶん,23220,2,2
驚か,おどろか,23220,9,9
ひょっとすると,ひょっとすると,23220,2,2
家族,かぞく,23220,8,10
全体,ぜんたい,23220,8,10
行動力,こうどうりょく,7062,14,44
驚かされてる,おどろかされてる,39498,14,44
感じしれない,かんじしれない,31698,14,44
立川家,たてかわか,4064,14,44
家族全体,かぞくぜんたい,4064,14,44
逸らして,そらして,23220,9,9
本来,ほんらい,23220,2,2
戻って,もどって,23220,9,9
泣き声,なきごえ,23220,8,10
響く,ひびく,23220,9,9
なにやら,なにやら,23220,2,2
想像,そうぞう,4064,8,17
怖い,こわい,23220,0,0
想像する,そうぞうする,49552,14,44
私は私,私は私,23220,8,10
名,めい,23220,8,10
通り,とおり,23220,8,11
住宅,じゅうたく,23220,8,10
以外,いがい,23220,12,29
ほとんど,ほとんど,23220,2,2
殺風景な,さっぷうけいな,23220,0,0
街,まち,23220,8,10
住宅以外,じゅうたくいがい,57625,14,44
初めて,はじめて,23220,2,2
違和感,いわかん,4064,8,10
感じた,かんじた,23220,9,9
熱意,ねつい,23220,8,10
負けて,まけて,23220,9,9
決まった,きまった,23220,9,9
して欲しい,してほしい,4064,14,44
そっと,そっと,23220,2,2
手,て,23220,8,10
鏡,きょう,4064,8,10
向かって,むかって,23220,9,9
手鏡,てきょう,23220,14,44
そし,そし,23220,8,17
たら,たら,23220,8,10
好きな,すきな,4064,0,0
そしたらAI,そしたらAI,4064,14,44
回答,かいとう,23220,8,17
あっさり,あっさり,4064,2,2
思える,おもえる,23220,9,9
眼,め,4064,8,10
曇って,くもって,23220,9,9
しすぎ,しすぎ,4064,14,44
思えるの,おもえるの,25745,14,44
曇ってる,くもってる,4064,14,44
入り口,いりぐち,23220,8,10
眺める,ながめる,23220,9,9
ところどころ,ところどころ,23220,2,2
赤外線,せきがいせん,23220,8,10
貼り付け,はりつけ,23220,9,9
られて,られて,23220,12,35
一通り,一とおり,4064,14,44
赤外線センサー,せきがいせんせんさー,4064,14,44
貼り付けられているの,はりつけられているの,11484,14,44
状況,じょうきょう,4064,8,10
かなり,かなり,23220,2,2
恥ずかしい,はずかしい,23220,0,0
言いたい,いいたい,4064,14,44
理解してる,りかいしてる,4064,14,44
かご,かご,4064,8,17
野菜,やさい,23220,8,10
巡回,じゅんかい,23220,8,17
１階,１かい,61015,14,44
買い物かご,かいものかご,4064,14,44
巡回していった,じゅんかいしていった,13802,14,44
野菜売り場,やさいうりば,4064,14,44
予算,よさん,23220,8,10
それほど,それほど,23220,2,2
始めて,はじめて,23220,9,9
み,み,23220,12,35
想い,おもい,4064,8,10
大きくできない,おおきくできない,4064,14,44
始めてみたい,はじめてみたい,4064,14,44
よろしく,よろしく,23220,0,0
もやっと,もやっと,23220,2,2
感覚,かんかく,23220,8,10
残って,のこって,23220,9,9
体力,たいりょく,23220,8,10
残して,のこして,23220,9,9
残っていた,のこっていた,61259,14,44
理解する,りかいする,4064,14,44
混ぜて,まぜて,4064,9,9
食べる,たべる,4064,9,9
ありな,ありな,23220,8,16
味,み,23220,8,10
舌,した,23220,8,10
痛く,いたく,23220,0,0
辛い,からい,4064,0,0
とろっと,とろっと,4064,2,2
言われてみる,いわれてみる,992,14,44
食べるの,たべるの,15575,14,44
ありな気,ありなき,951,14,44
痛くなりそうな,いたくなりそうな,20448,14,44
睨む,にらむ,4064,9,9
見た,みた,4064,9,9
返事,へんじ,4064,8,17
持った,もった,4064,9,9
大勢,おおぜい,4064,8,10
下り,くだり,23220,8,10
待って,まって,23220,9,9
東海道線下り電車,とうかいどうせんくだりでんしゃ,12575,14,44
ほら,ほら,23220,7,7
あーだ,あだ,23220,8,10
めだ,めだ,23220,12,33
何一つ,なにひとつ,23220,2,2
失礼な,しつれいな,23220,0,0
つもり,つもり,23220,8,12
らしく,らしく,23220,4,4
きょとんと,きょとんと,23220,2,2
せて,せて,23220,12,35
させて,させて,4064,14,44
こうして,こうして,23220,6,8
壮絶な,そうぜつな,23220,0,0
兄妹,きょうだい,23220,8,10
幕,まく,23220,8,10
開けた,ひらけた,23220,9,9
兄妹喧嘩,きょうだいけんか,11861,14,44
間,あいだ,4064,8,11
ますます,ますます,23220,2,2
入れる,いれる,23220,9,9
敢えて,あえて,4064,2,2
やめた,やめた,23220,9,9
入れるの,いれるの,9515,14,44
提案,ていあん,23220,8,17
側,がわ,23220,8,10
とはいえ,とはいえ,23220,5,5
明確に,めいかくに,4064,0,0
この世,このよ,23220,8,10
提案する,ていあんする,4064,14,44
答えられる,こたえられる,4064,14,44
みんな,みんな,23220,2,2
安心,あんしん,23220,8,17
使える,つかえる,23220,9,9
安心して,あんしんして,33621,14,44
一番,いちばん,23220,2,2
危ない,あぶない,23220,0,0
だっ,だっ,4064,9,9
つーの,つの,23220,8,10
味見,あじみ,4064,8,17
くせ,くせ,23220,8,11
しない,しない,4064,14,44
調整できる,ちょうせいできる,3868,14,44
ノブ,のぶ,4064,8,10
設置,せっち,23220,8,17
設置されていた,せっちされていた,29107,14,44
見せた,みせた,4064,9,9
ほほ,ほほ,23220,7,7
会社内,かいしゃない,56005,14,44
怒った,いかった,23220,9,9
でしょ,でしょ,23220,4,4
多摩,たま,23220,8,15
都市,とし,23220,8,10
モノレール,ものれーる,23220,8,10
生まれる,うまれる,23220,9,9
後,あと,23220,8,11
著作,ちょさく,23220,8,17
権,けん,23220,8,10
冗談,じょうだん,23220,8,10
めいた,めいた,23220,12,35
多摩都市モノレール,たまとしものれーる,62643,14,44
著作権,ちょさくけん,4064,14,44
冗談めいた,じょうだんめいた,4064,14,44
起動する,きどうする,4574,14,44
さ〜ん,さん,23220,12,29
え〜,ええ,23220,7,7
早く,はやく,23220,0,0
見せ,みせ,23220,9,9
のにぃ〜,のに,23220,4,4
平日,へいじつ,4064,8,10
乗る,のる,23220,9,9
お昼前,おひるまえ,41623,14,44
３つ,３つ,4064,14,44
開く,あく,23220,9,9
飛び出して,とびだして,23220,9,9
写って,うつって,23220,9,9
そうなくて,そうなくて,46588,14,44
えぇ〜,ええ,23220,7,7
悟った,さとった,23220,9,9
ともに,ともに,23220,2,2
静かに,しずかに,23220,0,0
音ともに,おんともに,19824,14,44
数,すう,23220,8,18
秒,びょう,23220,12,31
立た,たた,23220,9,9
機械,きかい,23220,8,10
返って,かえって,23220,9,9
数秒,すうびょう,4064,14,44
立たない,たたない,47756,14,44
うちまた,うちまた,19114,14,44
機械的な,きかいてきな,4064,14,44
なるほど,なるほど,23220,2,2
対して,たいして,23220,9,9
大切に,たいせつに,23220,0,0
思っている,おもっている,4064,14,44
あんな,あんな,23220,6,7
見,み,23220,9,9
たし,たし,23220,12,33
OS,OS,23220,8,14
違って,ちがって,23220,9,9
似た,にた,4064,9,9
動き,うごき,4064,8,10
ワーム,ワーム,23220,8,10
新たに,あらたに,23220,0,0
作ら,つくら,23220,9,9
同様の,どうようの,23220,0,0
攻撃,こうげき,23220,8,17
受けて,うけて,23220,9,9
作られてしまって,つくられてしまって,48257,14,44
受けてしまう,うけてしまう,4064,14,44
すっと,すっと,23220,2,2
息,いき,23220,8,10
吸う,すう,23220,9,9
プレゼン,プレゼン,23220,8,10
足り,たり,23220,9,9
なにかと,なにかと,4064,2,2
言えば,いえば,23220,9,9
惹き,惹き,23220,9,9
付ける,つける,23220,9,9
魅力,みりょく,23220,8,10
足りなかった,たりなかった,4064,14,44
惹き付ける,惹きつける,4064,14,44
椅子,いす,4064,8,10
座った,すわった,23220,9,9
俯き,うつむき,23220,8,10
加減,かげん,23220,8,17
意識,いしき,23220,8,17
失って,うしなって,23220,9,9
俯き加減,うつむきかげん,4064,14,44
満々,まんまん,23220,2,2
頷く,うなずく,23220,9,9
自信満々,じしんまんまん,4064,14,44
まして,まして,23220,2,2
みたいに,みたいに,23220,4,4
閉じ,とじ,23220,9,9
込め,こめ,23220,9,9
耳,みみ,23220,8,10
馬鹿な,ばかな,4064,0,0
驚いた,おどろいた,4064,9,9
ぽか,ぽか,23220,8,10
おじゃま,おじゃま,23220,8,17
別に,べつに,4064,0,0
考えた,かんがえた,23220,9,9
むこう,むこう,23220,0,0
元,もと,23220,8,10
愛くるしい,あいくるしい,4064,0,0
イヤ,いや,23220,0,0
最後の,さいごの,23220,0,0
手段,しゅだん,4064,8,10
まぁ,まあ,23220,2,2
味わう,あじわう,23220,9,9
欲しかった,ほしかった,23220,0,0
すら,すら,23220,10,22
無駄,むだ,4064,0,0
努力,どりょく,23220,8,17
楽しい,たのしい,23220,0,0
してて,してて,4064,14,44
姿,すがた,4064,8,10
なかなか,なかなか,23220,2,2
面倒だ,めんどうだ,23220,0,0
仕方ない,しかたない,23220,0,0
週,しゅう,23220,8,19
蓄え,たくわえ,23220,8,10
どうか,どうか,23220,8,17
週末分,しゅうまつふん,4064,14,44
困って,こまって,23220,9,9
るん,るん,23220,8,16
製品,せいひん,23220,8,10
トロロン,トロロン,23220,8,17
入れ,いれ,23220,9,9
といた,といた,23220,12,35
反応する,はんのうする,4064,14,44
入れといた,いれといた,4064,14,44
泣きたいの,なきたいの,46527,14,44
☆,☆,23220,13,40
本,ほん,23220,12,31
ちょうだい,ちょうだい,23220,8,17
１本ちょうだい,１ほんちょうだい,42756,14,44
呟いて,つぶやいて,23220,9,9
やつ,やつ,23220,8,10
勝手に,かってに,23220,0,0
サーバー,さーばー,4064,8,10
試作,しさく,23220,8,17
ソース,そーす,23220,8,10
コード,こーど,23220,8,10
引っ張り出して,ひっぱりだして,23220,9,9
ビルド,ビルド,23220,8,17
転がって,ころがって,23220,9,9
タブレット,タブレット,23220,8,10
組み,くみ,23220,9,9
遊んで,あそんで,23220,9,9
試作中,しさくちゅう,4064,14,44
ソースコード,そーすこーど,4064,14,44
ビルドして,ビルドして,43678,14,44
転がってた,ころがってた,4064,14,44
組み込んで,くみこんで,4064,14,44
トロロトロロ,トロロトロロ,17413,14,44
大丈夫だった,だいじょうぶだった,23220,0,0
誰？,誰？,23220,8,10
不謹慎な,ふきんしんな,4064,0,0
苦笑い,にがわらい,23220,8,17
考えてしまい,かんがえてしまい,4064,14,44
苦笑いしていた,にがわらいしていた,58228,14,44
りと,りと,23220,8,16
すり抜ける,すりぬける,23220,9,9
なんとか,なんとか,23220,2,2
ぱっと,ぱっと,23220,2,2
見開いた,みひらいた,23220,9,9
反応し,はんのうし,64980,14,44
手伝おう,てつだおう,4064,9,9
手伝わ,てつだわ,23220,9,9
す,す,23220,12,35
いか,いか,23220,9,9
わけに,わけに,23220,4,4
譲ろう,ゆずろう,23220,9,9
聞いてみる,きいてみる,23238,14,44
お客様,おきゃくさま,4064,14,44
手伝わすいかない,てつだわすいかない,49012,14,44
丸く,まるく,23220,0,0
せ,せ,23220,12,35
凝視,ぎょうし,23220,8,17
丸くさせ,まるくさせ,28333,14,44
いや,いや,23220,7,7
本当,ほんとう,23220,0,0
苦手に,にがてに,23220,0,0
自ずと,おのずと,23220,2,2
がちだった,がちだった,23220,12,33
そうない,そうない,31662,14,44
苦手にしている,にがてにしている,17758,14,44
理解してしまいがちだった,りかいしてしまいがちだった,24233,14,44
量,りょう,23220,8,10
一言,ひとこと,23220,8,10
尽きる,つきる,23220,9,9
１日,１にち,33611,14,44
作ってしまう,つくってしまう,4064,14,44
いうの,いうの,59362,14,44
大好きで,だいすきで,23220,0,0
系,けい,23220,8,10
大学,だいがく,23220,8,10
勉強,べんきょう,23220,8,17
パスワード,ぱすわーど,4064,8,10
あいつ,あいつ,4064,8,10
フォルダ,ふぉるだ,23220,8,10
来る,来る,23220,9,9
情報系,じょうほうけい,4064,14,44
勉強してる,べんきょうしてる,61649,14,44
管理してない,かんりしてない,39105,14,44
なぜ,なぜ,23220,2,2
ひたすら,ひたすら,23220,2,2
物語,ものがたり,23220,8,17
語ら,かたら,23220,9,9
そうで,そうで,23220,12,33
レベル,れべる,23220,8,10
落とし,おとし,23220,9,9
込める,こめる,23220,9,9
聞いたして,きいたして,54892,14,44
夢物語,ゆめものがたり,4064,14,44
語られてしまいそうで,かたられてしまいそうで,8624,14,44
私達,わたしたち,4064,14,44
説明する,せつめいする,4064,14,44
落とし込める,おとしこめる,4064,14,44
オーケー,おーけー,23220,8,17
ササオセンパイニンショウカンリョウ,ササオセンパイニンショウカンリョウ,23220,8,17
タイミング,たいみんぐ,23220,8,10
まっすぐ,まっすぐ,23220,0,0
〜,〜,23220,13,40
歩く,あるく,23220,9,9
比較的,ひかくてき,4064,2,2
大き,おおき,23220,0,0
めの,めの,23220,12,33
スーパー,すーぱー,23220,8,10
１２分,１２ふん,4064,14,44
大きめの,おおきめの,4064,14,44
心配してるの,しんぱいしてるの,4064,14,44
そこない,そこない,4064,14,44
よほど,よほど,23220,2,2
それでは,それでは,23220,5,5
選択肢,せんたくし,4064,8,10
あまりに,あまりに,4064,0,0
狭,せま,23220,0,0
すぎる,すぎる,23220,12,35
事実,じじつ,23220,2,2
とおり,とおり,4064,8,11
ン,ン,23220,8,17
発音,はつおん,4064,8,17
くれ,くれ,23220,12,35
良く,よく,23220,0,0
なったら,なったら,23220,12,35
選択,せんたく,23220,8,17
メニュー,めにゅー,23220,8,10
追加,ついか,23220,8,17
機能,きのう,23220,8,17
学習してくれなくて,がくしゅうしてくれなくて,20448,14,44
追加してくれる,ついかしてくれる,34966,14,44
良くなったら,よくなったら,19102,14,44
追加して,ついかして,27635,14,44
選択メニュー,せんたくめにゅー,39363,14,44
反応してくれる,はんのうしてくれる,48922,14,44
たしか,たしか,23220,2,2
この先,このさき,23220,8,19
川,かわ,23220,8,10
あって,あって,23220,9,9
橋,きょう,23220,8,10
渡る,わたる,23220,9,9
東京,とうきょう,23220,8,15
都,と,23220,12,32
打ち合わせ,うちあわせ,23220,8,10
思い知る,おもいしる,23220,9,9
忘れよう,わすれよう,23220,9,9
決めた,きめた,23220,9,9
んだった,んだった,23220,4,4
思い知ることなる,おもいしることなる,46285,14,44
調べる,しらべる,23220,9,9
興味,きょうみ,23220,8,10
そっ,そっ,23220,9,9
は〜い,はい,23220,7,7
（,（,23220,13,38
マ,マ,23220,8,17
ク,ク,23220,8,17
○,○,23220,13,40
パソコン,ぱそこん,4064,8,10
はずだ,はずだ,23220,4,4
）,）,23220,13,39
マク,マク,19392,14,44
変わりない,かわりない,4064,14,44
わけで,わけで,23220,4,4
よし,よし,23220,0,0
思った,おもった,23220,9,9
調味料,ちょうみりょう,23220,8,10
入れて,いれて,23220,9,9
感じる,かんじる,23220,9,9
するなく,するなく,25317,14,44
入れている,いれている,4064,14,44
気づく,きづく,23220,9,9
座って,すわって,23220,9,9
いて,いて,23220,12,35
ぼおっと,ぼおっと,23220,2,2
過ぎて,すぎて,23220,9,9
座っていて,すわっていて,8314,14,44
もう〜,もう,23220,2,2
症,しょう,23220,8,10
な〜,な,23220,10,24
お兄ちゃん心配症,おにいちゃんしんぱいしょう,19389,14,44
聴き,きき,23220,9,9
屋,や,23220,8,10
買う,かう,23220,9,9
お弁当屋さん,おべんとうやさん,3607,14,44
昨日,さくじつ,23220,8,19
ようやく,ようやく,23220,2,2
熱くなっていた,あつくなっていた,4064,14,44
理解した,りかいした,4064,14,44
ひょっとしたら,ひょっとしたら,23220,2,2
大工,だいく,23220,8,10
れっきとした,れっきとした,23220,1,1
金槌,かなづち,23220,8,10
少なくとも,すくなくとも,23220,2,2
つか,つか,4064,9,9
大工さん,だいくさん,40868,14,44
言えるしれない,いえるしれない,32987,14,44
怒号,どごう,23220,8,17
響き,ひびき,23220,9,9
泣き顔,なきがお,23220,8,10
ふっと,ふっと,23220,2,2
吐く,はく,23220,9,9
ほんの,ほんの,4064,1,1
濡れて,ぬれて,4064,9,9
冷たく,つめたく,23220,0,0
温めて,あたためて,23220,9,9
冷たくなった,つめたくなった,4064,14,44
成長,せいちょう,23220,8,17
考えられるなった,かんがえられるなった,4064,14,44
ことしれない,ことしれない,55331,14,44
成長した,せいちょうした,4064,14,44
振り向く,ふりむく,23220,9,9
頬,ほお,23220,8,10
思いっきり,おもいっきり,4064,2,2
引っ叩いた,ひっぱたいた,4064,9,9
そして,そして,23220,5,5
必ず,かならず,23220,2,2
案の定,あんのじょう,23220,2,2
熱い,あつい,4064,0,0
響いて,ひびいて,23220,9,9
恐らく,おそらく,23220,2,2
とか,とか,23220,12,35
ぐさり,ぐさり,23220,2,2
刺す,さす,4064,9,9
投げて,なげて,23220,9,9
きて,きて,23220,12,35
あるとかない,あるとかない,53210,14,44
投げてきている,なげてきている,4064,14,44
書いた,かいた,23220,9,9
ニンショウシッパイ,ニンショウシッパイ,23220,8,17
忘れ,わすれ,4064,9,9
よっか,よっか,23220,8,10
モチベーション,モチベーション,23220,8,10
落ちて,おちて,23220,9,9
もらって,もらって,23220,12,35
困る,こまる,23220,9,9
頑張って,がんばって,23220,9,9
まぁ南くん,まぁみなみくん,56081,14,44
落ちてもらって,おちてもらって,4064,14,44
頑張ってた,がんばってた,4064,14,44
意見,いけん,23220,8,17
火曜日,かようび,23220,8,19
夕方,ゆうがた,23220,8,19
例,れい,23220,8,10
よって,よって,23220,9,9
夕方また,ゆうがたまた,4064,14,44
はっと,はっと,23220,2,2
覚めた,さめた,23220,9,9
なお,なお,23220,2,2
ケチな,けちな,4064,0,0
こういった,こういった,23220,6,7
機材,きざい,23220,8,10
当たり前の,あたりまえの,23220,0,0
自腹,じばら,4064,8,10
購入,こうにゅう,23220,8,17
購入することなっていた,こうにゅうすることなっていた,54603,14,44
実験機材,じっけんきざい,4064,14,44
そりゃ,そりゃ,4064,7,7
なんちゅう,なんちゅう,23220,8,17
全て,すべて,23220,2,2
異様に,いように,4064,0,0
聞こえる,きこえる,23220,9,9
なんちゅう妹,なんちゅういもうと,57367,14,44
聞こえるの,きこえるの,46732,14,44
困り,こまり,23220,9,9
きった,きった,6258,9,9
困りきった,こまりきった,33702,14,44
見るの,みるの,4064,14,44
開ける,あける,23220,9,9
こ,こ,23220,12,35
合図,あいず,23220,8,17
入った,はいった,23220,9,9
入ってこ,はいってこ,25689,14,44
亜種,あしゅ,23220,8,10
うる,うる,23220,12,35
オープン,おーぷん,23220,8,17
フレームワーク,フレームワーク,23220,8,10
確認,かくにん,23220,8,17
感染しうる,かんせんしうる,4064,14,44
確認された,かくにんされた,62641,14,44
使用している,しようしている,24657,14,44
オープンソース,おーぷんそーす,4064,14,44
フレームワーク上,フレームワークじょう,4064,14,44
炎上,えんじょう,23220,8,17
ことだ,ことだ,23220,4,4
炎上しやすい,えんじょうしやすい,4064,14,44
だが,だが,23220,5,5
しかし,しかし,23220,5,5
堪忍,かんにん,23220,8,17
袋,ふくろ,23220,8,10
緒,お,23220,8,10
切れた,きれた,23220,9,9
同じだった,おなじだった,23220,0,0
堪忍袋,かんにんふくろ,4064,14,44
切れたの,きれたの,45093,14,44
ドツボ,ドツボ,23220,8,10
はまる,はまる,23220,9,9
一方,いっぽう,23220,8,11
バッグ,ばっぐ,23220,8,10
選ぶ,えらぶ,23220,9,9
引けて,ひけて,23220,9,9
している,している,4064,14,44
買い物バッグ,かいものばっぐ,4064,14,44
新鮮な,しんせんな,23220,0,0
眺めて,ながめて,23220,9,9
顔つき,かおつき,23220,8,10
物珍し,ものめずらし,23220,0,0
ちらちら,ちらちら,23220,2,2
見つめて,みつめて,23220,9,9
眺めている,ながめている,4064,14,44
物珍しそうにそして,ものめずらしそうにそして,4064,14,44
感動している,かんどうしている,4064,14,44
落ち,おち,23220,9,9
テンション,てんしょん,23220,8,10
ズタボロ,ズタボロ,23220,8,10
落ち込んでる,おちこんでる,58162,14,44
ダメよ,ダメよ,23220,9,9
ぼんやり,ぼんやり,4064,2,2
見つめる,みつめる,4064,9,9
沢山の,たくさんの,4064,0,0
行き交う,いきかう,4064,9,9
様子,ようす,23220,8,10
見える,みえる,23220,9,9
心配で,しんぱいで,23220,0,0
たまら,たまら,23220,9,9
厳しく,きびしく,23220,0,0
たまらない,たまらない,44146,14,44
慣れて,なれて,23220,9,9
手際,てぎわ,23220,8,10
良い,よい,23220,0,0
慣れている,なれている,5399,14,44
騒ぎ,さわぎ,23220,9,9
出した,だした,23220,9,9
上手,じょうず,23220,0,0
イマガクシュウチュウ,イマガクシュウチュウ,23220,8,17
オフィス,おふぃす,23220,8,10
ビル,びる,23220,8,10
13,13,23220,8,18
オフィスビル,おふぃすびる,4064,14,44
ブーブー,ブーブ,23220,8,10
なされた,なされた,23220,9,9
慣れ,なれ,23220,9,9
買い物慣れしてる,かいものなれしてる,4064,14,44
綺麗だ,きれいだ,23220,0,0
思ってる,おもってる,4064,14,44
大嫌いだった,だいきらいだった,23220,0,0
対応,たいおう,23220,8,17
こっそり,こっそり,23220,2,2
配信,はいしん,23220,8,17
済み,すみ,23220,8,10
対応パッチ,たいおうぱっち,8154,14,44
配信済み,はいしんすみ,60630,14,44
まとも,まとも,23220,0,0
まともツッコミ,まともツッコミ,4064,14,44
入れてる,いれてる,4064,14,44
あんなの,あんなの,4819,14,44
あくまで,あくまで,23220,2,2
IT,IT,23220,8,14
視点,してん,23220,8,10
IT技術者,ITぎじゅつしゃ,4064,14,44
笑って,わらって,23220,9,9
無理,むり,4064,8,17
言った,いった,4064,9,9
苦手だったり,にがてだったり,4064,0,0
持って,もって,23220,9,9
指差し,ゆびさし,23220,9,9
そのまま,そのまま,23220,2,2
要求,ようきゅう,23220,8,17
持っていた,もっていた,61657,14,44
黙って,だまって,23220,9,9
こそこそ,こそこそ,23220,2,2
作業,さぎょう,4064,8,17
作業してたの,さぎょうしてたの,52032,14,44
向く,むく,23220,9,9
比べたら,くらべたら,23220,9,9
足元,あしもと,23220,8,10
及ば,およば,23220,9,9
今度,こんど,23220,8,19
妙な,みょうな,23220,0,0
脱力,だつりょく,23220,8,10
襲わ,おそわ,23220,9,9
脱力感,だつりょくかん,4064,14,44
はっきり,はっきり,23220,2,2
定義,ていぎ,23220,8,17
定義する,ていぎする,4064,14,44
したい,したい,17309,14,44
シグモイド,シグモイド,23220,8,10
関数,かんすう,23220,8,10
だの,だの,23220,10,23
交差,こうさ,23220,8,17
エントロピー,エントロピ,23220,8,10
そういった,そういった,23220,6,7
並んで,ならんで,23220,9,9
シグモイド関数,シグモイドかんすう,16189,14,44
交差エントロピー,こうさエントロピ,59955,14,44
正解,せいかい,23220,8,10
なっている,なっている,4064,14,44
みよう,みよう,23220,12,35
挑戦してみよう,ちょうせんしてみよう,38347,14,44
最初,さいしょ,4064,8,19
既定,きてい,23220,8,10
路線,ろせん,23220,8,10
既定路線,きていろせん,183,14,44
融合,ゆうごう,23220,8,17
融合された,ゆうごうされた,4064,14,44
重要な,じゅうような,23220,0,0
教わった,おそわった,23220,9,9
ます,ます,23220,12,35
ファイト,ふぁいと,23220,8,10
朱美さん,あけみさん,4064,14,44
定時,ていじ,23220,8,10
帰り,かえり,23220,8,10
ラッシュ,らっしゅ,23220,8,17
揉ま,もま,23220,9,9
定時帰り,ていじかえり,24264,14,44
横浜線,よこはません,4064,14,44
保存,ほぞん,23220,8,17
一石二鳥,いっせきにちょう,23220,8,10
保存できる,ほぞんできる,4064,14,44
ないし,ないし,23220,10,23
門,もん,23220,8,10
眺め,ながめ,4064,8,10
うっとり,うっとり,23220,8,17
急か,せか,23220,9,9
うっとりしている,うっとりしている,2183,14,44
ふ,ふ,4064,8,10
ふっ,ふっ,23220,11,26
いたし,いたし,23220,9,9
なぜなら,なぜなら,23220,5,5
材料,ざいりょう,23220,8,10
ぎっしり,ぎっしり,23220,2,2
３人分,３にんふん,4064,14,44
んだー,んだ,23220,4,4
どうでも,どうでも,23220,2,2
爽やか,爽やか,23220,0,0
反則,はんそく,23220,8,17
顔立ち,かおだち,23220,8,10
すっきり,すっきり,23220,2,2
同,どう,23220,11,25
世代,せだい,23220,8,10
人気,にんき,23220,8,10
爽やかすぎる,爽やかすぎる,4064,14,44
反則ない,はんそくない,33629,14,44
していて,していて,59975,14,44
同世代,どうせだい,4064,14,44
口,こう,4064,8,10
別の,べつの,4064,0,0
いやいや,いやいや,23220,7,7
深呼吸,しんこきゅう,4064,8,17
えいっと,えいっと,23220,2,2
近郊,きんこう,23220,8,10
走る,はしる,4064,9,9
同姓同名,どうせいどうめい,23220,8,10
東京都近郊,とうきょうときんこう,4064,14,44
Web,Web,23220,8,14
構築,こうちく,23220,8,17
アクセス,あくせす,23220,8,17
許可,きょか,23220,8,17
80,80,23220,8,18
番,ばん,23220,12,31
構築した,こうちくした,4064,14,44
Webサーバー,Webさーばー,4064,14,44
許可する,きょかする,51825,14,44
80番ポート,80ばんポート,4064,14,44
珍しく,めずらしく,23220,0,0
素直だ,すなおだ,23220,0,0
されど,されど,4064,5,5
はぁ〜,は,23220,10,22
それ〜,それ,23220,6,6
ますぅ〜,ます,23220,12,35
一回,一かい,47087,14,44
お願いしますぅ〜,おねがいします,44443,14,44
記録,きろく,23220,8,17
残した,のこした,4064,9,9
文字,もじ,23220,8,10
一文字,いちもんじ,4064,8,16
消して,けして,23220,9,9
純粋に,じゅんすいに,4064,0,0
素直な,すなおな,23220,0,0
思っていた,おもっていた,4064,14,44
おっ,おっ,23220,12,35
吉川,よしかわ・きっかわ・よかわ,23220,8,15
来た,来た,23220,9,9
吉川さん,よしかわ・きっかわ・よかわさん,4064,14,44
無言,むごん,23220,8,10
続いて,つづいて,4064,9,9
隅,すみ,23220,8,10
定員,ていいん,23220,8,10
4,4,23220,8,18
4名,4めい,4064,14,44
悪,わる,23220,0,0
取り付け,とりつけ,23220,8,10
オレ,おれ,23220,8,10
悪さ,わるさ,4064,14,44
認証システム取り付け,にんしょうしすてむとりつけ,4064,14,44
できたっ,できたっ,4064,14,44
サツエイサレタカオガ,サツエイサレタカオガ,4064,8,17
エガオデハアリマセン,エガオデハアリマセン,23220,8,17
気づいて,きづいて,23220,9,9
開発者側,かいはつしゃがわ,50797,14,44
視点なく,してんなく,30338,14,44
ユーザー側,ゆーざーがわ,4064,14,44
すんなり,すんなり,4064,2,2
飲み,のみ,23220,9,9
着く,つく,23220,9,9
時刻,じこく,23220,8,19
まもなく,まもなく,23220,2,2
１３,１３,23220,8,18
１３時,１３じ,556,14,44
さて,さて,23220,7,7
付き合った,つきあった,23220,9,9
みた,みた,23220,12,35
２週間後,２しゅうかんご,4064,14,44
してみた,してみた,29488,14,44
魅力的な,みりょくてきな,4064,14,44
絶妙な,ぜつみょうな,4064,0,0
きめ細かい,きめこまかい,23220,0,0
配慮,はいりょ,4064,8,17
なされて,なされて,23220,9,9
なされている,なされている,4064,14,44
開いた,あいた,23220,9,9
手元,てもと,23220,8,10
黒い,くろい,23220,0,0
真,ま,23220,11,27
四角の,しかくの,23220,0,0
媒体,ばいたい,23220,8,10
管理している,かんりしている,4064,14,44
真四角の,ましかくの,51385,14,44
料理,りょうり,4064,8,17
得意だった,とくいだった,23220,0,0
言ってしまった,いってしまった,44950,14,44
受け止める,うけとめる,23220,9,9
間もなく,まもなく,23220,2,2
１８,１８,23220,8,18
知らせる,しらせる,23220,9,9
チャイム,ちゃいむ,23220,8,10
鳴った,なった,23220,9,9
１８時,１８じ,4064,14,44
味見してみたい,あじみしてみたい,51604,14,44
なん,なん,23220,8,10
切り替え,きりかえ,23220,9,9
なくちゃ,なくちゃ,23220,12,33
やる,やる,23220,9,9
相場,そうば,23220,8,10
いくら,いくら,23220,2,2
いえ,いえ,23220,9,9
ども,ども,23220,10,23
買える,かえる,23220,9,9
値段,ねだん,23220,8,10
この辺り,このあたり,4064,14,44
中古物件いえ,ちゅうこぶっけんいえ,61843,14,44
値段ない,ねだんない,4064,14,44
調査,ちょうさ,23220,8,17
くれれば,くれれば,23220,12,35
横目,よこめ,23220,8,10
チラチラ,ちらちら,23220,2,2
すっごく,すっごく,23220,0,0
ムカ,ムカ,23220,8,17
してくれればいい,してくれればいい,42359,14,44
見てる,みてる,24286,14,44
代わり,かわり,23220,8,11
片付けて,かたづけて,23220,9,9
違いなかった,ちがいなかった,23220,0,0
忘れて,わすれて,23220,9,9
しまったら,しまったら,23220,12,35
人々,ひとびと,23220,8,10
世界,せかい,23220,8,10
危険性,きけんせい,4064,14,44
忘れてしまったら,わすれてしまったら,23294,14,44
乗っ取られてしまう,のっとられてしまう,4064,14,44
片付ける,かたづける,23220,9,9
べきだった,べきだった,23220,4,4
片付けた,かたづけた,4064,9,9
決めつけちゃ,きめつけちゃ,23220,9,9
今では,いまでは,23220,2,2
あらゆる,あらゆる,23220,1,1
管理しようしてる,かんりしようしてる,32792,14,44
部屋中,へやちゅう,31183,14,44
件,けん,23220,8,10
主語,しゅご,23220,8,10
そっくり,そっくり,23220,2,2
置き,おき,23220,9,9
換えて,かえて,23220,9,9
言ってたことある,いってたことある,53997,14,44
置き換えてしまっていない,おきかえてしまっていない,4064,14,44
要素,ようそ,23220,8,10
すれば,すれば,23220,9,9
提案すればいい,ていあんすればいい,4064,14,44
金曜,きんよう,23220,8,19
混んで,こんで,23220,9,9
金曜以外,きんよういがい,3362,14,44
彼氏,かれし,23220,8,10
あんまりじゃ,あんまりじゃ,23220,0,0
ポケット,ぽけっと,23220,8,10
差し出して,さしだして,23220,9,9
一体,いったい,23220,2,2
何者,なにもの,23220,8,10
確かだ,たしかだ,23220,0,0
一体何者,いったいなにもの,4064,14,44
魔法使いないの,まほうつかいないの,4064,14,44
やってくる,やってくる,23220,9,9
ぱ,ぱ,23220,8,10
たん,たん,23220,8,10
消えて,きえて,23220,9,9
ぱたん,ぱたん,18402,14,44
すると,すると,23220,5,5
十字,じゅうじ,23220,8,10
型,けい,23220,12,29
引き,ひき,23220,9,9
マス,ます,23220,8,10
書き添えた,かきそえた,23220,9,9
十字型,じゅうじけい,19059,14,44
２本,２ほん,4064,14,44
無,む,23220,11,28
茶,ちゃ,23220,8,10
振り,ぶり,23220,12,29
無茶振り,むちゃぶり,9550,14,44
なんとなく,なんとなく,23220,2,2
遥かに,はるかに,23220,0,0
超えて,こえて,23220,9,9
していた,していた,4064,14,44
超えている,こえている,4064,14,44
床,ゆか,23220,8,10
ぺ,ぺ,23220,8,10
座り,すわり,23220,9,9
ぺたん,ぺたん,4064,14,44
ヒミツ,ひみつ,23220,8,10
風景,ふうけい,23220,8,10
歩いて,あるいて,23220,9,9
長い,ながい,23220,0,0
下り坂,くだりざか,4064,8,10
見えて,みえて,23220,9,9
見慣れない,みなれない,4064,14,44
歩いていく,あるいていく,3533,14,44
動揺,どうよう,23220,8,17
消え失せて,きえうせて,23220,9,9
消え失せている,きえうせている,20448,14,44
センス,せんす,4064,8,10
よっぽど,よっぽど,4064,2,2
見つめた,みつめた,23220,9,9
視線,しせん,4064,8,10
映って,うつって,23220,9,9
求める,もとめる,23220,9,9
やら,やら,23220,10,23
押された,おされた,4064,14,44
うっ,うっ,23220,9,9
怒り,おこり,23220,8,10
いい加減に,いいかげんに,23220,0,0
怒り顔,おこりかお,4064,14,44
手渡す,てわたす,23220,9,9
するする,するする,23220,2,2
皮,かわ,4064,8,10
剥き,むき,23220,9,9
すり鉢,すりばち,23220,8,10
ごしごし,ごしごし,23220,2,2
すり,すり,23220,9,9
っけ,っけ,23220,10,24
雨上がり,あめあがり,23220,8,10
午後,ごご,23220,8,19
身体,しんたい,23220,8,10
照らして,てらして,23220,9,9
入ってくる,はいってくる,36005,14,44
世話,せわ,23220,8,17
自動,じどう,23220,8,10
アップロード,アップロード,23220,8,17
くれて,くれて,23220,12,35
ディープ,ディープ,23220,0,0
ラーニング,ラーニング,23220,8,10
見分け,みわけ,23220,9,9
アップロードしてくれて,アップロードしてくれて,4064,14,44
ディープラーニング,ディープラーニング,4064,14,44
学習させて,がくしゅうさせて,11748,14,44
見分けられること出来たら,みわけられることできたら,20998,14,44
計算,けいさん,23220,8,17
ついで,ついで,23220,8,11
一緒に,いっしょに,23220,0,0
計算する,けいさんする,4064,14,44
計算していたしれない,けいさんしていたしれない,6327,14,44
失敗,しっぱい,23220,8,17
ですぅ〜,です,23220,3,3
ください〜,ください,23220,12,35
撮影失敗,さつえいしっぱい,6138,14,44
身,み,23220,8,10
乗り出して,のりだして,23220,9,9
続き,つづき,23220,8,10
出そう,だそう,33439,9,9
降り続いて,ふりつづいて,23220,9,9
ターゲット,たーげっと,23220,8,10
余地,よち,23220,8,10
振ら,ふら,23220,9,9
いいから,いいから,23220,0,0
振らなくて,ふらなくて,20448,14,44
気分,きぶん,4064,8,10
転換,てんかん,23220,8,17
楽しんで,たのしんで,23220,9,9
気分転換,きぶんてんかん,20448,14,44
決めて,きめて,23220,9,9
何？,何？,23220,8,10
聞く,きく,23220,9,9
聞くの,きくの,4307,14,44
話しれない,はなししれない,13378,14,44
実家,じっか,23220,8,10
長野,ながの,23220,8,15
関東,かんとう,23220,8,15
去年,きょねん,23220,8,19
入学,にゅうがく,23220,8,17
住む,すむ,4064,9,9
入学した,にゅうがくした,11640,14,44
怒鳴り,どなり,23220,8,10
家中,いえじゅう,4064,8,10
響いた,ひびいた,23220,9,9
怒鳴り声,どなりこえ,25287,14,44
答えて,こたえて,23220,9,9
十分に,じゅうぶんに,23220,0,0
きれて,きれて,23220,9,9
Problem:AI,Problem:AI,1170,14,44
だけど,だけど,23220,5,5
最初の,さいしょの,23220,0,0
終わった,おわった,23220,9,9
個,こ,23220,12,31
ずつ,ずつ,23220,12,29
いっか,いっか,23220,8,10
一個ずつ,一こずつ,4064,14,44
作れ,つくれ,23220,9,9
作れない,つくれない,14135,14,44
あー,あー,4064,7,7
手前,てまえ,4064,8,10
三角,さんかく,23220,0,0
屋根,やね,23220,8,10
対称,たいしょう,23220,8,10
三角屋根,さんかくやね,46613,14,44
線対称,せんたいしょう,34817,14,44
インターネット,いんたーねっと,23220,8,10
越し,こし,23220,8,10
プラン,ぷらん,23220,8,10
キッド,キッド,23220,8,16
インターネット越し,いんたーねっとこし,4064,14,44
余って,あまって,23220,9,9
わけじゃ,わけじゃ,23220,4,4
素直に,すなおに,23220,0,0
余ってるない,あまってるない,26355,14,44
嫌です,いやです,23220,0,0
増えたら,ふえたら,23220,9,9
持ち,もち,23220,9,9
ませ,ませ,23220,12,35
南くんの,みなみくんの,4064,14,44
こちら,こちら,23220,6,6
信じ,しんじ,23220,9,9
な〜い,ない,23220,12,33
本当にいない,ほんとうにいない,4064,14,44
してるの,してるの,4064,14,44
使えば,つかえば,23220,9,9
幸せに,しあわせに,4064,0,0
なれる,なれる,23220,9,9
聞けば,きけば,23220,9,9
ペース,ぺーす,23220,8,10
行か,いか,23220,9,9
そうだった,そうだった,23220,12,33
受ける,うける,23220,9,9
受けるの,うけるの,4064,14,44
IT技術者ない,ITぎじゅつしゃない,56323,14,44
稀に,まれに,23220,0,0
ゼロ,ぜろ,23220,8,18
デイ,でい,23220,8,10
０,０,23220,8,18
以内,いない,23220,12,32
対策,たいさく,4064,8,10
完了,かんりょう,23220,8,17
公,こう,23220,8,10
業界,ぎょうかい,23220,8,10
常識,じょうしき,23220,8,10
ゼロデイ攻撃,ぜろでいこうげき,4064,14,44
０日以内,０にちいない,59677,14,44
しなくてならない,しなくてならない,4064,14,44
存在してしまうことある,そんざいしてしまうことある,17731,14,44
完了した,かんりょうした,4064,14,44
されるの,されるの,61171,14,44
セキュリティー業界,せきゅりてぃぎょうかい,4064,14,44
誤解,ごかい,4064,8,17
招く,まねく,23220,9,9
やめて,やめて,23220,9,9
気力,きりょく,23220,8,10
失せて,うせて,23220,9,9
ただし,ただし,23220,5,5
味付け,あじつけ,23220,8,17
手伝った,てつだった,23220,9,9
伝説,でんせつ,23220,8,10
数しれない,かずしれない,23220,0,0
勢い,いきおい,23220,2,2
取って,とって,23220,9,9
取ってきてしまう,とってきてしまう,4064,14,44
表,おもて,23220,8,10
線表,せんおもて,7105,14,44
味方,みかた,23220,8,17
手のひら,てのひら,4064,8,10
返さ,かえさ,23220,9,9
ようで,ようで,23220,4,4
窮地,きゅうち,23220,8,10
陥る,おちいる,23220,9,9
返された,かえされた,21827,14,44
守って,まもって,23220,9,9
体現,たいげん,23220,8,17
体現していた,たいげんしていた,49363,14,44
守ってあげたくなってしまう,まもってあげたくなってしまう,4064,14,44
大好きだ,だいすきだ,23220,0,0
しょんぼり,しょんぼり,23220,2,2
後ろ姿,うしろすがた,23220,8,10
なんとも,なんとも,23220,2,2
出来事,できごと,23220,8,10
現して,あらわして,23220,9,9
たとえ,たとえ,23220,2,2
泣きじゃくって,なきじゃくって,23220,9,9
心頭,しんとう,23220,8,10
鬼,おに,23220,8,10
顔して,かおして,39013,14,44
泣きじゃくっていて,なきじゃくっていて,18199,14,44
怒り心頭,おこりしんとう,4064,14,44
映るの,うつるの,4064,14,44
内心,ないしん,23220,2,2
つつ,つつ,23220,10,23
情熱,じょうねつ,23220,8,10
今朝,けさ,23220,8,19
ふさぎ,ふさぎ,23220,9,9
込み,こみ,23220,9,9
分けて,わけて,23220,9,9
もらえた,もらえた,23220,12,35
情熱さ,じょうねつさ,45117,14,44
ふさぎ込みがちだった,ふさぎこみがちだった,4064,14,44
印刷,いんさつ,23220,8,17
ずれて,ずれて,23220,9,9
思わ,おもわ,23220,9,9
細かい,こまかい,23220,0,0
削除,さくじょ,23220,8,17
求めた,もとめた,23220,9,9
印刷した,いんさつした,42117,14,44
ずれている,ずれている,4064,14,44
思われる,おもわれる,57625,14,44
削除する,さくじょする,4064,14,44
読んだ,よんだ,4064,9,9
わから,わから,23220,9,9
理解できる,りかいできる,4064,14,44
吹いた,ふいた,23220,9,9
冷たい,つめたい,4064,0,0
短い,みじかい,23220,0,0
髪,かみ,4064,8,10
揺らす,ゆらす,23220,9,9
売上,うりあげ,4064,8,10
ピンと,ぴんと,23220,2,2
使って,つかって,4064,9,9
言われて,いわれて,4064,14,44
来るない,来るない,2240,14,44
サツエイセイコウ,サツエイセイコウ,23220,8,17
してほしい,してほしい,4064,14,44
光,ひかり,23220,8,10
影,かげ,23220,8,10
収穫,しゅうかく,23220,8,17
登り,のぼり,23220,9,9
広く,ひろく,23220,0,0
通路,つうろ,4064,8,10
突き当たり,つきあたり,23220,8,10
広くない,ひろくない,4064,14,44
入る,はいる,23220,9,9
ベッド,べっど,4064,8,10
横向き,よこむき,23220,8,10
寝,ね,23220,9,9
転がり,ころがり,23220,9,9
向こう側,むこうがわ,23220,8,10
向けて,むけて,23220,9,9
検索,けんさく,23220,8,17
サイト,さいと,23220,8,10
引っかかり,ひっかかり,23220,9,9
次,つぎ,23220,8,10
以降,いこう,23220,8,19
ずらり,ずらり,23220,2,2
表示,ひょうじ,23220,8,17
弊社製品,へいしゃせいひん,4064,14,44
検索する,けんさくする,33333,14,44
製品情報サイト,せいひんじょうほうさいと,4064,14,44
次以降,つぎいこう,4064,14,44
表示される,ひょうじされる,14042,14,44
改造する,かいぞうする,4064,14,44
起きた,おきた,23220,9,9
整理,せいり,23220,8,17
沈黙,ちんもく,4064,8,17
ついていない,ついていない,52875,14,44
一瞬間,一しゅんかん,52112,14,44
出来た,できた,23220,9,9
ぞー,ぞ,23220,10,24
豚肉,ぶたにく,23220,8,10
じゃがいも,じゃがいも,4064,8,10
人参,にんじん,23220,8,10
玉ねぎ,たまねぎ,23220,8,10
整って,ととのって,23220,9,9
バランス,ばらんす,4064,8,10
大きさ,おおきさ,20448,14,44
整っていて,ととのっていて,48471,14,44
騙して,だまして,23220,9,9
わからない,わからない,4064,14,44
戻った,もどった,23220,9,9
見事に,みごとに,23220,0,0
操る,あやつる,23220,9,9
出逢った,であった,23220,9,9
たくさんの,たくさんの,23220,0,0
見えたり,みえたり,23220,9,9
共感,きょうかん,23220,8,17
抱いた,いだいた,23220,9,9
実現,じつげん,23220,8,17
怪しい,あやしい,23220,0,0
さも,さも,23220,2,2
当然の,とうぜんの,4064,0,0
実現できるどう,じつげんできるどう,4064,14,44
できます,できます,4064,14,44
信用してしまう,しんようしてしまう,7275,14,44
宿題,しゅくだい,23220,8,10
進歩,しんぽ,23220,8,17
進歩したない,しんぽしたない,7788,14,44
動く,うごく,4064,9,9
最悪な,さいあくな,23220,0,0
金曜日,きんようび,23220,8,19
最悪なの,さいあくなの,40606,14,44
聞いてあげて,きいてあげて,29534,14,44
見られたくない,みられたくない,31477,14,44
食べた,たべた,4064,9,9
甘い,あまい,23220,0,0
ルー,るー,23220,8,10
選択するなった,せんたくするなった,37714,14,44
食べれないことない,たべれないことない,4064,14,44
隣,となり,23220,8,10
得意,とくい,23220,0,0
満面,まんめん,23220,8,10
笑み,えみ,23220,8,10
祝福,しゅくふく,23220,8,17
祝福してくれる,しゅくふくしてくれる,43163,14,44
得意満面,とくいまんめん,4064,14,44
どんなに,どんなに,23220,6,8
連呼,れんこ,23220,8,17
もらい,もらい,23220,9,9
連呼して,れんこして,54416,14,44
もらいたいな〜って,もらいたいなって,4064,14,44
まともな,まともな,4064,0,0
愕然と,がくぜんと,23220,0,0
３つ目,３つめ,4064,14,44
愕然としている,がくぜんとしている,4064,14,44
さぁ〜,さあ,23220,7,7
拡散,かくさん,23220,8,17
介在,かいざい,23220,8,17
理解してなかった,りかいしてなかった,37510,14,44
介在している,かいざいしている,55189,14,44
感染した,かんせんした,4064,14,44
拡散している,かくさんしている,4064,14,44
学習してあげてる,がくしゅうしてあげてる,42976,14,44
考えよう,かんがえよう,23220,9,9
拒み,こばみ,23220,9,9
あっという間,あっというま,23220,8,19
こぼれ落ちて,こぼれおちて,23220,9,9
考えていた,かんがえていた,4064,14,44
考えようした,かんがえようした,10042,14,44
曖昧な,あいまいな,23220,0,0
要件,ようけん,23220,8,10
ほぼ,ほぼ,4064,2,2
法則,ほうそく,23220,8,10
存在する,そんざいする,9477,14,44
見つかった,みつかった,23220,9,9
持ってる,もってる,4064,14,44
ものすごく,ものすごく,23220,0,0
ほっと,ほっと,23220,2,2
おい,おい,23220,7,7
歩,ほ,23220,12,31
間違う,まちがう,23220,9,9
美味し,おいし,23220,0,0
おかしく,おかしく,23220,0,0
一歩,一ほ,58900,14,44
美味しそう,おいしそう,25804,14,44
出てきて,でてきて,842,14,44
おかしくない,おかしくない,4064,14,44
嫌な,いやな,23220,0,0
過ぎ,すぎ,23220,9,9
頑張る,がんばる,23220,9,9
頑張れば,がんばれば,23220,9,9
頑張ればいい,がんばればいい,4064,14,44
睨めっこしてる,にらめっこしてる,4064,14,44
ダメなない,だめなない,4064,14,44
マネージャー,まねーじゃー,23220,8,10
切り離す,きりはなす,23220,9,9
定例,ていれい,23220,8,10
初日,しょにち,23220,8,19
ぶつかり,ぶつかり,23220,9,9
合って,あって,23220,9,9
一向に,いっこうに,23220,2,2
進もう,すすもう,23220,9,9
ぶつかり合ってしまい,ぶつかりあってしまい,36020,14,44
じろじろ,じろじろ,4064,2,2
コンビニ,こんびに,23220,8,10
おかず,おかず,23220,8,10
パン,ぱん,23220,8,10
買って,かって,23220,9,9
おかずパン,おかずぱん,4064,14,44
晴れて,はれて,23220,9,9
眠,ねむ,23220,0,0
晴れている,はれている,21667,14,44
おはよう,おはよう,23220,7,7
ございます,ございます,23220,12,35
ぷち,ぷち,23220,8,10
イコールで,いこーるで,23220,0,0
とんでもないない,とんでもないない,4064,14,44
イコールでないしれない,いこーるでないしれない,46597,14,44
帰れる,かえれる,23220,9,9
まるで,まるで,23220,2,2
残業,ざんぎょう,23220,8,17
近い,ちかい,23220,0,0
感じて,かんじて,23220,9,9
何時,なんじ,4064,14,44
一定,いってい,23220,8,17
ダメだ,だめだ,23220,0,0
思い込んでいて,おもいこんでいて,4064,14,44
ひょこひょこ,ひょこひょこ,23220,2,2
最も,もっとも,23220,2,2
使い,つかい,23220,9,9
辛,つら,23220,0,0
引き出した,ひきだした,23220,9,9
など,など,23220,10,22
具,ぐ,23220,8,10
材,ざい,23220,8,10
良,よ,23220,0,0
際立た,きわだた,23220,9,9
カレールー,かれーるー,4064,14,44
辛さ,つらさ,42217,14,44
具材,ぐざい,4064,14,44
良さ,よさ,23427,14,44
クロノス,クロノス,4064,8,10
少ない,すくない,4064,0,0
実用,じつよう,23220,8,10
作ってる,つくってる,37500,14,44
学習量,がくしゅうりょう,26425,14,44
圧倒的に,あっとうてきに,20448,14,44
レベルない,れべるない,42850,14,44
実用的に,じつようてきに,4064,14,44
危険な,きけんな,4064,0,0
番号,ばんごう,23220,8,10
ウェルノウンポート,ウェルノウンポート,23220,8,17
ポート番号,ポートばんごう,4064,14,44
アクセスする,あくせすする,4064,14,44
夜空,よぞら,23220,8,10
開か,ひらか,23220,9,9
優れ,すぐれ,23220,8,10
優れもの,すぐれもの,32661,14,44
開かない,ひらかない,32759,14,44
ぐるり,ぐるり,23220,2,2
見渡した,みわたした,4064,9,9
見覚え,みおぼえ,23220,8,10
華やかな,はなやかな,23220,0,0
スカイ,スカイ,23220,8,10
ブルー,ぶるー,23220,8,10
物体,ぶったい,4064,8,10
不思議な,ふしぎな,4064,0,0
カシャ,カシャ,23220,8,10
先程,さきほど,23220,8,19
発せ,はっせ,23220,9,9
ごく,ごく,23220,2,2
普通の,ふつうの,23220,0,0
マニアックな,まにあっくな,23220,0,0
ものなくて,ものなくて,42703,14,44
ものない,ものない,4064,14,44
なんの,なんの,23220,1,1
さっぱり,さっぱり,23220,2,2
であろう,であろう,23220,4,4
ぽかした,ぽかした,4064,14,44
まさに,まさに,23220,2,2
脳,のう,4064,8,10
コンピュータ,こんぴゅーた,23220,8,10
再現,さいげん,23220,8,17
再現した,さいげんした,4064,14,44
コンピュータ上,こんぴゅーたじょう,4064,14,44
ここに,ここに,4064,2,2
あら,あら,23220,9,9
状態,じょうたい,23220,8,10
びしゃん,びしゃん,23220,8,10
返す,かえす,23220,9,9
思い返す,おもいかえす,33177,14,44
好きで,すきで,23220,0,0
こいつ,こいつ,23220,8,10
さては,さては,23220,5,5
心配してる,しんぱいしてる,4064,14,44
理解してない,りかいしてない,39419,14,44
KPT,KPT,23220,8,14
付箋紙用意した,ふせんしよういした,50946,14,44
我,われ,23220,8,10
返った,かえった,23220,9,9
飛び,とび,23220,9,9
推した,おした,23220,9,9
正しかった,ただしかった,23220,0,0
わけ,わけ,23220,4,4
改造してある,かいぞうしてある,63357,14,44
起きて,おきて,23220,9,9
もちろん,もちろん,23220,2,2
同期,どうき,23220,8,17
岩田,いわた,23220,8,16
結果,けっか,4064,8,11
比べ物,くらべもの,4064,8,10
評価,ひょうか,23220,8,17
岩田さん,いわたさん,4064,14,44
ならない,ならない,4064,14,44
認証してくれない,にんしょうしてくれない,4064,14,44
話題,わだい,23220,8,10
選定,せんてい,23220,8,17
誤った,あやまった,23220,9,9
転換先,てんかんさき,4064,14,44
仕草,しぐさ,23220,8,10
一つ一つ,ひとつひとつ,4064,2,2
いじらしく,いじらしく,23220,0,0
自慢,じまん,23220,8,17
納得できる,なっとくできる,26023,14,44
中途半端な,ちゅうとはんぱな,23220,0,0
成果,せいか,23220,8,10
物,もの,23220,8,10
済まさ,すまさ,23220,9,9
成果物,せいかもの,4064,14,44
ほら〜,ほら,23220,7,7
愕然として,がくぜんとして,13172,14,44
発注,はっちゅう,23220,8,17
同時に,どうじに,23220,2,2
人脈,じんみゃく,23220,8,10
広,ひろ,23220,0,0
塞がら,ふさがら,23220,9,9
ソフトウェア会社,そふとうぇあかいしゃ,4064,14,44
発注する,はっちゅうする,8086,14,44
いうの同時に,いうのどうじに,59692,14,44
広さ,ひろさ,4064,14,44
具合,ぐあい,23220,8,10
あれ,あれ,23220,9,9
感染してた,かんせんしてた,4064,14,44
1412,1412,23220,8,18
開いて,ひらいて,23220,9,9
1412番ポート,1412ばんポート,4064,14,44
開いている,ひらいている,4064,14,44
さらりと,さらりと,23220,2,2
かわそう,かわそう,23220,9,9
意地悪,いじわる,23220,0,0
かわそうする,かわそうする,4064,14,44
意地悪さ,いじわるさ,18402,14,44
理解してしまった,りかいしてしまった,53179,14,44
えー,えー,4064,7,7
きつく,きつく,4064,0,0
当たり,あたり,23220,9,9
すぎた,すぎた,23220,12,35
仲直り,なかなおり,23220,8,17
仲直りできた,なかなおりできた,42636,14,44
出た,でた,23220,9,9
言われ,いわれ,62739,14,44
どのような,どのような,23220,6,7
層,そう,23220,8,10
どうせ,どうせ,23220,2,2
乗って,のって,23220,9,9
多い,おおい,23220,0,0
意味する,いみする,4064,14,44
わかっていない,わかっていない,4064,14,44
提案すれば,ていあんすれば,40383,14,44
乗ってくる,のってくる,4064,14,44
進捗,しんちょく,23220,8,17
兼ねて,かねて,23220,9,9
レビュー,れびゅー,23220,8,17
いこう,いこう,23220,12,35
進捗報告,しんちょくほうこく,4064,14,44
していこう,していこう,4064,14,44
判定,はんてい,23220,8,17
んです〜,んです,23220,4,4
記録されない,きろくされない,34480,14,44
判定した,はんていした,4064,14,44
引きずって,ひきずって,23220,9,9
使わ,つかわ,23220,9,9
サンプル,さんぷる,23220,8,10
作成,さくせい,23220,8,17
使われる,つかわれる,18668,14,44
不安,ふあん,4064,0,0
フォローしていくない,ふぉろーしていくない,16742,14,44
不用意に,ふよういに,23220,0,0
突破,とっぱ,23220,8,17
開放してしまう,かいほうしてしまう,1684,14,44
突破口,とっぱこう,4064,14,44
落ち着いたら,おちついたら,23220,9,9
そん,そん,23220,0,0
背景,はいけい,23220,8,10
まとめていく,まとめていく,26986,14,44
予想,よそう,23220,8,17
骨,ほね,23220,8,10
折れる,おれる,23220,9,9
嫌い,きらい,23220,0,0
大っ,おおっ,4064,14,44
予約した,よやくした,4064,14,44
べきだ,べきだ,23220,4,4
認識,にんしき,23220,8,17
べきじゃ,べきじゃ,23220,4,4
怖いなくて,こわいなくて,10212,14,44
認識するない,にんしきするない,15514,14,44
大手,おおて,23220,8,10
大手出版社,おおてしゅっぱんしゃ,41267,14,44
５,５,23220,8,18
年,ねん,23220,12,31
ハンドリング,ハンドリング,23220,8,10
そろそろ,そろそろ,23220,2,2
後輩,こうはい,23220,8,10
指導,しどう,23220,8,17
ダメだろ,だめだろ,23220,0,0
５年目,５ねんめ,4064,14,44
するの,するの,48446,14,44
していかなきゃ,していかなきゃ,4064,14,44
完成,かんせい,23220,8,17
完成する,かんせいする,4064,14,44
管理してて,かんりしてて,4064,14,44
使われてるの,つかわれてるの,17906,14,44
ぼやっと,ぼやっと,23220,2,2
写った,うつった,23220,9,9
白黒,しろくろ,23220,8,10
映った,うつった,23220,9,9
ありのままの,ありのままの,23220,0,0
私なく,わたしなく,23635,14,44
同意,どうい,23220,8,17
自身,じしん,23220,8,10
表現,ひょうげん,23220,8,17
自分自身,じぶんじしん,4064,14,44
可愛らしさ,かわいらしさ,4064,14,44
表現している,ひょうげんしている,16953,14,44
マスコミ,ますこみ,4064,8,10
報道,ほうどう,23220,8,17
報道されたの,ほうどうされたの,7716,14,44
お皿,おさら,57213,14,44
嬉しい,うれしい,23220,0,0
悲鳴,ひめい,23220,8,17
卒業,そつぎょう,23220,8,17
島根,しまね,23220,8,15
上京,じょうきょう,23220,8,17
すすめ,すすめ,23220,9,9
当時,とうじ,4064,8,19
人事,じんじ,23220,8,10
部,ぶ,23220,8,10
聞いたら,きいたら,23220,9,9
安い,やすい,4064,0,0
今に,いまに,23220,2,2
至って,いたって,23220,9,9
大学卒業後,だいがくそつぎょうご,14307,14,44
島根県,しまねけん,4064,14,44
上京してきて,じょうきょうしてきて,15045,14,44
おすすめ,おすすめ,4064,14,44
人事部,じんじぶ,4064,14,44
最近,さいきん,23220,8,19
ちっとも,ちっとも,23220,2,2
提案内容,ていあんないよう,4064,14,44
使われ,つかわれ,4064,14,44
使用される,しようされる,4064,14,44
結局私達,けっきょくわたしたち,4064,14,44
不調に,ふちょうに,23220,0,0
一回目,一かいめ,4064,14,44
Keep：,Keep：,4064,8,10
続けて,つづけて,23220,9,9
続けていく,つづけていく,4064,14,44
何度,なんど,23220,8,10
思い出して,おもいだして,23220,9,9
役,やく,4064,8,10
立った,たった,23220,9,9
やっていく,やっていく,4064,14,44
慣れてきて,なれてきて,59572,14,44
何回,なんかい,4064,14,44
ちなみ,ちなみ,23220,8,16
照れくさ,てれくさ,23220,0,0
照れくさそうに,てれくさそうに,4064,14,44
ササオセンパイニンショウ,ササオセンパイニンショウ,23220,8,17
構わ,かまわ,23220,9,9
考えてる,かんがえてる,17358,14,44
ところが,ところが,23220,5,5
切り,きり,23220,8,10
返し,かえし,23220,8,10
切り返し,きりかえし,4064,14,44
微,び,23220,8,10
かな,かな,23220,8,10
たった,たった,23220,1,1
蘇ら,よみがえら,23220,9,9
せよう,せよう,23220,12,35
聴こえてくる,聴こえてくる,41939,14,44
微かな雨,びかなう,4064,14,44
始めよう,はじめよう,23220,9,9
ぴったりの,ぴったりの,23220,0,0
それ以上,それいじょう,7432,14,44
出てきているなく,でてきているなく,32920,14,44
ついている,ついている,33310,14,44
始めようする,はじめようする,4064,14,44
大好きな,だいすきな,23220,0,0
激しく,はげしく,23220,0,0
かけた,かけた,23220,9,9
動揺している,どうようしている,33238,14,44
駄目だ,だめだ,23220,0,0
丸い,まるい,23220,0,0
ロボット,ろぼっと,23220,8,10
心当たり,こころあたり,4064,8,10
アレ,あれ,23220,0,0
いるしれませ,いるしれませ,23426,14,44
だからこそ,だからこそ,23220,5,5
おか,おか,23220,12,35
認識しておかない,にんしきしておかない,20511,14,44
やり,やり,23220,9,9
使ってやりたい,つかってやりたい,22502,14,44
聞き出す,ききだす,4064,14,44
答えられそうな,こたえられそうな,20448,14,44
ほど好き,ほどよき,23220,0,0
撮ら,とら,23220,9,9
数え,かぞえ,23220,9,9
切れ,きれ,23220,9,9
何枚写真,なんまいしゃしん,4064,14,44
撮られた,とられた,1689,14,44
やっぱし,やっぱし,23220,8,10
使えるの,つかえるの,61682,14,44
悪用,あくよう,4064,8,17
レジ,れじ,23220,8,10
確認する,かくにんする,59013,14,44
塞いで,ふさいで,23220,9,9
聞こう,きこう,23220,9,9
塞いでしまい,ふさいでしまい,11890,14,44
やった,やった,23220,9,9
開けたない,ひらけたない,27075,14,44
細長い,ほそながい,23220,0,0
取る,とる,23220,9,9
ぽいっと,ぽいっと,4064,2,2
放り,ほうり,23220,9,9
込んだ,こんだ,23220,9,9
メリット,めりっと,23220,8,10
アピール,あぴーる,23220,8,17
Keep:AI,Keep:AI,20448,14,44
笑顔ない,えがおない,49865,14,44
綺麗でしょ,きれいでしょ,23220,0,0
入力,にゅうりょく,23220,8,17
隠れ,かくれ,51764,8,10
出力,しゅつりょく,23220,8,17
順に,じゅんに,23220,0,0
繋いで,つないで,23220,9,9
いき,いき,23220,12,35
互い,たがい,4064,8,10
繋がり,つながり,23220,9,9
やす,やす,23220,12,33
表す,あらわす,4064,9,9
重,おも,23220,0,0
値,ち,23220,8,10
設定,せってい,23220,8,17
入力層,にゅうりょくそう,55947,14,44
隠れ層,かくれそう,54502,14,44
出力層,しゅつりょくそう,4064,14,44
繋いでいき,つないでいき,22767,14,44
繋がりやすさ,つながりやすさ,4064,14,44
重み,おもみ,4064,14,44
テスト,てすと,23220,8,17
段階,だんかい,23220,8,10
テスト中,てすとちゅう,4064,14,44
タウン,たうん,23220,8,10
ベッドタウン,べっどたうん,4064,14,44
とっくに,とっくに,23220,2,2
終えて,おえて,23220,9,9
対応済み,たいおうすみ,44307,14,44
またと,またと,23220,2,2
小走り,こばしり,23220,8,10
降りて,おりて,23220,9,9
からかう,からかう,23220,9,9
ね南くん,ねみなみくん,39755,14,44
からかうして,からかうして,26698,14,44
吉川朱美,よしかわあけみ,18499,14,44
連れて,つれて,23220,9,9
お客さん,おきゃくさん,4064,14,44
正確に,せいかくに,23220,0,0
はぁー,は,23220,10,22
悲しい,かなしい,23220,0,0
かけ,かけ,23220,9,9
間違えない,まちがえない,4064,14,44
かちゃ,かちゃ,23220,5,5
するかちゃ,するかちゃ,4064,14,44
妄想,もうそう,23220,8,17
全開,ぜんかい,23220,8,17
説得,せっとく,23220,8,17
妄想話全開,もうそうはなしぜんかい,4064,14,44
なってしまう,なってしまう,6264,14,44
説得力,せっとくりょく,4064,14,44
弄って,いじって,23220,9,9
大笑い,おおわらい,23220,8,17
弄っている,いじっている,4064,14,44
様相,ようそう,23220,8,10
新しい,あたらしい,23220,0,0
開け,ひらけ,23220,9,9
出,で,23220,9,9
開けられない,ひらけられない,43268,14,44
設置してくれた,せっちしてくれた,4064,14,44
わたし外,わたしほか,4064,14,44
カラフルな,からふるな,23220,0,0
色,しょく,23220,8,10
装飾,そうしょく,23220,8,17
カーテン,かーてん,23220,8,10
置いて,おいて,23220,9,9
巨大な,きょだいな,4064,0,0
ぬいぐるみ,ぬいぐるみ,23220,8,10
装飾された,そうしょくされた,57125,14,44
置いてある,おいてある,4064,14,44
してやられた,してやられた,23220,9,9
なんだ,なんだ,23220,4,4
察して,さっして,23220,9,9
認識して,にんしきして,4064,14,44
ものしれない,ものしれない,45868,14,44
そっち,そっち,23220,6,6
そっちない,そっちない,23333,14,44
オーケードアヲセ,オーケードアヲセ,23220,8,17
頻繁に,ひんぱんに,23220,0,0
急速な,きゅうそくな,23220,0,0
発展,はってん,23220,8,17
するなった,するなった,64301,14,44
ちっ,ちっ,23220,9,9
帰って,かえって,23220,9,9
片付けられない,かたづけられない,47794,14,44
じゃ〜,じゃあ,23220,7,7
思ったら,おもったら,23220,9,9
きりっと,きりっと,23220,2,2
転換した,てんかんした,4064,14,44
閉めたら,しめたら,23220,9,9
サツエイシッパイ,サツエイシッパイ,23220,8,17
答える,こたえる,23220,9,9
朝,あさ,23220,8,19
帰る,かえる,23220,9,9
次に,つぎに,23220,2,2
騒ぎ出したの,さわぎだしたの,25425,14,44
いよ,いよ,23220,12,35
感染するいよ,かんせんするいよ,64850,14,44
けれど,けれど,23220,5,5
書け,かけ,23220,9,9
書けそうな,かけそうな,4064,14,44
感謝,かんしゃ,4064,8,17
残す,のこす,23220,9,9
諦めた,あきらめた,23220,9,9
玄人,くろうと,23220,8,10
好み,よしみ,23220,8,10
玄人好み,くろうとよしみ,4064,14,44
任さ,まかさ,23220,9,9
張本人,ちょうほんにん,23220,8,10
任された,まかされた,4064,14,44
代物,しろもの,23220,8,10
高く,たかく,23220,0,0
高くなる,たかくなる,4064,14,44
解説してくれる,かいせつしてくれる,47744,14,44
大笑いし,おおわらいし,4064,14,44
取れ,とれ,23220,9,9
呟いた,つぶやいた,23220,9,9
聞き取れない,ききとれない,4064,14,44
モユモ,モユモ,23220,8,17
キョウハゲンキゲンキ,キョウハゲンキゲンキ,23220,8,17
ニューラル,ニューラル,19124,8,14
れたり,れたり,23220,12,35
ニューラルネットワーク,ニューラルねっとわーく,4064,14,44
義務,ぎむ,23220,8,10
不安要素,ふあんようそ,4064,14,44
まとめよう,まとめよう,23220,9,9
台無しじゃ,だいなしじゃ,23220,0,0
まとめようしてた,まとめようしてた,57550,14,44
みて,みて,23220,9,9
寂しさ,さびしさ,4064,14,44
感じない,かんじない,12069,14,44
小皿あった,しょうさらあった,30411,14,44
出来ました,できました,4064,14,44
名付け親,なづけおや,23220,8,10
僕なくて,ぼくなくて,4064,14,44
降っている,ふっている,4064,14,44
目当て,めあて,23220,8,10
次々,つぎつぎ,23220,2,2
開き,あき,23220,9,9
ぁ〜！,あ！,23220,8,10
朱美さ〜ん,あけみさん,45170,14,44
ありがとうございます,ありがとうございます,58332,14,44
開きました,あきました,4064,14,44
湖畔,こはん,23220,8,10
以来,いらい,23220,8,19
見れたの,みれたの,27741,14,44
夜空以来しれない,よぞらいらいしれない,29356,14,44
無視,むし,23220,8,17
無視し続けてる,むししつづけてる,44687,14,44
部分あった,ぶぶんあった,3334,14,44
上げて,あげて,23220,9,9
夏,なつ,23220,8,19
伝える,つたえる,4064,9,9
容赦,ようしゃ,23220,8,17
時点,じてん,4064,8,19
わけだ,わけだ,23220,4,4
乗っ取られている,のっとられている,4064,14,44
高,たか,23220,8,10
間違えなく,まちがえなく,25126,14,44
女子高生,じょしたかせい,4064,14,44
未だに,いまだに,23220,2,2
謎,なぞ,23220,8,10
無難な,ぶなんな,4064,0,0
まとまって,まとまって,23220,9,9
できて,できて,23220,9,9
まとまっている,まとまっている,48618,14,44
納得できてしまいそうだった,なっとくできてしまいそうだった,58860,14,44
とい,とい,23220,9,9
コマンド,こまんど,4064,8,10
覚え,おぼえ,23220,9,9
させる,させる,23220,12,35
簡単な,かんたんな,4064,0,0
返してこない,かえしてこない,35637,14,44
覚えさせる,おぼえさせる,60881,14,44
いつの間にか,いつのまにか,23220,2,2
簡単だ,かんたんだ,23220,0,0
出よう,でよう,23220,9,9
くるっと,くるっと,4064,2,2
反転,はんてん,23220,8,17
突然,とつぜん,23220,2,2
出ようした,でようした,4064,14,44
反転して,はんてんして,52148,14,44
参加,さんか,23220,8,17
提示,ていじ,23220,8,17
可視,かし,23220,8,10
化,か,23220,12,29
提示しあって,ていじしあって,1725,14,44
参加者,さんかしゃ,4064,14,44
していく,していく,4064,14,44
問題点,もんだいてん,4064,14,44
可視化,かしか,4064,14,44
本気で,ほんきで,23220,0,0
もし,もし,23220,2,2
仮に,かりに,23220,2,2
本気だ,ほんきだ,23220,0,0
受け止め,うけとめ,23220,9,9
実のところ,じつのところ,23220,2,2
本気だして,ほんきだして,12619,14,44
受け止められない,うけとめられない,4064,14,44
公式,こうしき,23220,8,10
公開,こうかい,23220,8,17
直す,なおす,23220,9,9
死滅,しめつ,23220,8,17
死滅してくれる,しめつしてくれる,30286,14,44
公式サイト,こうしきさいと,50832,14,44
プランキッド対策パッチ,プランキッドたいさくぱっち,47018,14,44
公開されて,こうかいされて,57400,14,44
適用した,てきようした,4064,14,44
プランキッド感染後,プランキッドかんせんご,8871,14,44
入れ直す,いれなおす,45287,14,44
２個,２こ,65161,14,44
苗字,みょうじ,23220,8,10
苗字なくて,みょうじなくて,21877,14,44
一瞬,いっしゅん,23220,2,2
できたの,できたの,13164,14,44
指差した,ゆびさした,23220,9,9
口論,こうろん,23220,8,17
口論してる,こうろんしてる,26817,14,44
…,…,23220,13,40
今年,ことし,23220,8,19
新入,しんにゅう,23220,8,10
社員,しゃいん,23220,8,10
揺らぐ,ゆらぐ,23220,9,9
新入社員,しんにゅうしゃいん,29881,14,44
立川さんなく,たてかわさんなく,13595,14,44
南さん,みなみさん,4064,14,44
呼ばれている,よばれている,45890,14,44
呼ばれ,よばれ,42709,14,44
実,み,23220,8,10
のじゃ,のじゃ,23220,4,4
社長,しゃちょう,4064,8,10
持ち物,もちもの,23220,8,10
置い,おい,23220,9,9
といて,といて,23220,12,35
三上部長なくて,みかみぶちょうなくて,32826,14,44
置いといて,おいといて,4064,14,44
やりきれない,やりきれない,23220,0,0
仕事するなって,しごとするなって,59233,14,44
追い求めよう,おいもとめよう,23220,9,9
対し,たいし,23220,9,9
差,さ,23220,8,10
不,ふ,23220,11,28
追い求めようする,おいもとめようする,4064,14,44
説明しようした,せつめいしようした,4064,14,44
温度差,おんどさ,58743,14,44
不一致,ふいっち,4064,14,44
なってしまい,なってしまい,16716,14,44
笹尾先輩ない,笹尾せんぱいない,18564,14,44
ピンク,ぴんく,23220,8,10
計,けい,23220,8,10
種類,しゅるい,23220,12,31
売ら,うら,23220,9,9
なんと,なんと,23220,2,2
８０００,８０００,23220,8,18
円,えん,23220,12,31
ビミョーな,ビミョーな,23220,0,0
ライン,らいん,23220,8,10
８０００円,８０００えん,23518,14,44
スカイブルー色,スカイブルーしょく,4064,14,44
ピンク色,ぴんくしょく,4064,14,44
計２種類,けい２しゅるい,4064,14,44
売られていて,うられていて,17930,14,44
お値段,おねだん,4064,14,44
購入した,こうにゅうした,44141,14,44
ラインある,らいんある,20739,14,44
またしても,またしても,23220,2,2
唐突な,とうとつな,23220,0,0
確信,かくしん,23220,8,17
犯,はん,23220,8,10
やがった,やがった,23220,12,35
確信犯,かくしんはん,26569,14,44
ひらめいた,ひらめいた,23220,9,9
極力,きょくりょく,23220,2,2
早い,はやい,23220,0,0
たかった,たかった,23220,12,33
まだまだ,まだまだ,23220,2,2
てんこ盛り,てんこ盛り,23220,8,10
中皿,ちゅうさら,32069,14,44
ミッション,みっしょん,4064,8,10
めちゃくちゃ,めちゃくちゃ,23220,0,0
ハードル,はーどる,23220,8,10
めちゃくちゃハードル,めちゃくちゃはーどる,4064,14,44
冷蔵,れいぞう,23220,8,17
庫,こ,23220,8,10
買わ,かわ,23220,9,9
何とか,なんとか,4064,2,2
冷蔵庫,れいぞうこ,4064,14,44
買わなくて,かわなくて,1152,14,44
夕食くらい,ゆうしょくくらい,62071,14,44
いつのまにか,いつのまにか,23220,2,2
襲われた,おそわれた,4064,14,44
開いていた,ひらいていた,4064,14,44
推測,すいそく,23220,8,17
推測する,すいそくする,4064,14,44
無用の,むようの,23220,0,0
お互い,おたがい,23220,8,10
不幸に,ふこうに,23220,0,0
悲劇,ひげき,23220,8,10
工,こう,23220,8,10
できない,できない,5588,14,44
作られてしまい,つくられてしまい,29838,14,44
不幸になる,ふこうになる,54230,14,44
工数,こうすう,4064,14,44
切り離して,きりはなして,23220,9,9
考えてみ,かんがえてみ,4064,14,44
同じだ,おなじだ,23220,0,0
暖か,あたたか,23220,0,0
見えないの,みえないの,29789,14,44
暖かさ,あたたかさ,4064,14,44
彼女,かのじょ,23220,8,10
最終,さいしゅう,23220,0,0
繰り返し,くりかえし,23220,8,10
行って,おこなって,23220,9,9
最終的に,さいしゅうてきに,2440,14,44
調整していく,ちょうせいしていく,39149,14,44
繰り返し計算,くりかえしけいさん,53073,14,44
とはいうものの,とはいうものの,23220,5,5
主張できるはずなく,しゅちょうできるはずなく,9059,14,44
選択した,せんたくした,50795,14,44
出したの,だしたの,4064,14,44
オーソドックスだ,おーそどっくすだ,23220,0,0
深入り,ふかいり,23220,8,17
とにかく,とにかく,4064,2,2
大変,たいへん,23220,0,0
食べたら,たべたら,23220,9,9
深入りする,ふかいりする,44867,14,44
大変そうな,たいへんそうな,4064,14,44
帰りたい,かえりたい,4064,14,44
逃げる,にげる,23220,9,9
登録,とうろく,23220,8,17
天気,てんき,23220,8,10
予報,よほう,23220,8,17
未だ,いまだ,23220,2,2
厚い,あつい,23220,0,0
雲,くも,4064,8,10
覆わ,おおわ,23220,9,9
気配,けはい,23220,8,10
昼過ぎ,ひるすぎ,36948,14,44
天気予報,てんきよほう,38605,14,44
覆われて,おおわれて,20828,14,44
いっつも,いっつも,23220,8,10
変えて,かえて,23220,9,9
呼ぶ,よぶ,23220,9,9
止めて,やめて,23220,9,9
本数,ほんすう,4064,8,10
多ければ,おおければ,23220,0,0
楽な,らくな,23220,0,0
質問,しつもん,4064,8,17
確認し,かくにんし,52591,14,44
いろんな,いろんな,23220,1,1
疲労,ひろう,23220,8,17
困憊,こんぱい,23220,8,17
聞か,きか,23220,9,9
会議室予約した,かいぎしつよやくした,39265,14,44
会計,かいけい,23220,8,17
済ませた,すませた,23220,9,9
ひょいと,ひょいと,23220,2,2
迂闊に,迂闊に,23220,0,0
ファイル,ふぁいる,23220,8,17
無造作に,むぞうさに,23220,0,0
置け,おけ,23220,9,9
公開されてる,こうかいされてる,4064,14,44
構わない,かまわない,40876,14,44
何かと,なにかと,23220,2,2
酔っぱらい,よっぱらい,23220,8,10
同士,どうし,23220,12,29
トラブル,とらぶる,23220,8,10
遅れる,おくれる,23220,9,9
酔っぱらい同士,よっぱらいどうし,4064,14,44
お客様トラブル,おきゃくさまとらぶる,4579,14,44
まったく,まったく,23220,2,2
ツッコめば,ツッコめば,23220,9,9
なければ,なければ,23220,12,33
恐ろしい,おそろしい,23220,0,0
甘く,あまく,23220,0,0
尻尾,しっぽ,23220,8,10
ぶんぶん,ぶんぶん,23220,2,2
降ってる,ふってる,4064,14,44
高くしている,たかくしている,4064,14,44
どうした,どうした,23220,6,7
遊ぶ,あそぶ,23220,9,9
つけろ,つけろ,23220,9,9
遊ぶの,あそぶの,4064,14,44
ようするに,ようするに,23220,2,2
外出,がいしゅつ,23220,8,17
ありえ,ありえ,23220,8,16
アクセスしない,あくせすしない,4064,14,44
外出先,がいしゅつさき,3976,14,44
かける,かける,23220,9,9
止めた,やめた,23220,9,9
開けられなくなる,ひらけられなくなる,59642,14,44
かけるの,かけるの,4064,14,44
良かった,よかった,4064,0,0
製品化,せいひんか,4064,14,44
出てきたの,でてきたの,47320,14,44
完成させて,かんせいさせて,35764,14,44
そうこう,そうこう,4064,8,17
疑問,ぎもん,23220,8,10
ぶち当たった,ぶちあたった,23220,9,9
考えている,かんがえている,46444,14,44
聞こえ,きこえ,23220,9,9
聞こえない,きこえない,4064,14,44
話し,はなし,23220,8,10
能力,のうりょく,23220,8,10
恐らくは,おそらくは,23220,2,2
両方,りょうほう,23220,8,10
見つけ,みつけ,23220,9,9
話し方,はなしかた,57332,14,44
理解能力,りかいのうりょく,4064,14,44
行く,いく,23220,9,9
強い,つよい,23220,0,0
八方塞がり,はっぽうふさがり,23220,8,10
言ってしまったら,いってしまったら,30348,14,44
完了する,かんりょうする,4064,14,44
受けてしまって,うけてしまって,35860,14,44
あそこ,あそこ,23220,6,6
切って,きって,23220,9,9
全然反応しない,ぜんぜんはんのうしない,4064,14,44
揃え,そろえ,23220,9,9
逃げ場,にげば,23220,8,10
塞が,ふさが,23220,9,9
同然だった,どうぜんだった,23220,0,0
揃えられてしまったら,そろえられてしまったら,50860,14,44
塞がれた,ふさがれた,4064,14,44
できたら,できたら,23220,9,9
呼び,よび,23220,8,10
定着,ていちゃく,23220,8,17
社内,やしろない,29540,14,44
定着している,ていちゃくしている,28734,14,44
呼び方,よびかた,4064,14,44
展示,てんじ,23220,8,17
会,かい,23220,8,10
異色の,いしょくの,23220,0,0
なれば,なれば,23220,9,9
注目,ちゅうもく,4064,8,17
容易に,よういに,23220,0,0
IT系展示会,ITけいてんじかい,42166,14,44
大雑把だった,おおざっぱだった,23220,0,0
ふふっと,ふふっと,23220,2,2
られた,られた,23220,12,35
返ったの,かえったの,45128,14,44
かけられた,かけられた,20448,14,44
開けよう,ひらけよう,23220,9,9
ぎぃーっと,ぎいっと,23220,2,2
結構,けっこう,23220,2,2
開けようする,ひらけようする,36353,14,44
受け止めること出来ない,うけとめることできない,4064,14,44
私自身,わたしじしん,39806,14,44
取った,とった,23220,9,9
IT系,ITけい,62985,14,44
展示会,てんじかい,4064,14,44
展示する,てんじする,47017,14,44
強制,きょうせい,23220,8,17
ご,ご,23220,11,25
ろん,ろん,23220,8,10
強制ない,きょうせいない,4064,14,44
買ってない,かってない,4064,14,44
ごろん,ごろん,4064,14,44
仲良く,なかよく,23220,2,2
苦労,くろう,23220,8,17
仕打ち,しうち,23220,8,10
やってくれてたら,やってくれてたら,24743,14,44
苦労する,くろうする,31975,14,44
んでしょう,んでしょう,23220,4,4
戻る,もどる,23220,9,9
ご飯,ごはん,23220,8,10
お昼ご飯,おひるごはん,4064,14,44
食べなくて,たべなくて,4064,14,44
半年,はんとし,23220,8,19
半年後,はんとしご,4064,14,44
展示したい,てんじしたい,11717,14,44
屈託,くったく,23220,8,17
しかも,しかも,23220,5,5
一緒だ,いっしょだ,23220,0,0
完全に,かんぜんに,23220,0,0
紹介,しょうかい,23220,8,17
のでしょう,のでしょう,23220,4,4
紹介する,しょうかいする,4064,14,44
優しくて,やさしくて,23220,0,0
かっこいい,かっこいい,23220,0,0
勉強できて,べんきょうできて,26408,14,44
関東近郊,かんとうきんこう,9484,14,44
成功させることできる,せいこうさせることできる,1184,14,44
言われる,いわれる,4064,14,44
あれ〜,あれ,4064,6,6
込んじゃ,こんじゃ,23220,9,9
基礎,きそ,23220,8,10
仕上がって,しあがって,23220,9,9
基礎学習,きそがくしゅう,4064,14,44
わかりやすい,わかりやすい,4064,14,44
週末,しゅうまつ,4064,14,44
いっぱい,いっぱい,23220,2,2
ひっそり,ひっそり,23220,2,2
潜,もぐ,23220,9,9
類,るい,23220,8,10
詰まっていて,つまっていて,4064,14,44
潜ます,もぐます,14601,14,44
センサー類,せんさーるい,37971,14,44
たくて,たくて,23220,12,33
信用したくて,しんようしたくて,4064,14,44
所,ところ,4064,8,10
狭し,せまし,4064,0,0
並べ,ならべ,23220,9,9
強く,つよく,23220,0,0
司令,しれい,23220,8,17
並べられた,ならべられた,15290,14,44
片付けなきゃ,かたづけなきゃ,26251,14,44
流石,さすが,23220,2,2
同情,どうじょう,23220,8,17
同情する,どうじょうする,42236,14,44
オウ,オウ,23220,8,17
ミナミ,ミナミ,23220,8,15
揃えて,そろえて,23220,9,9
遅く,おそく,23220,0,0
２０,２０,23220,8,18
今日萌夢ちゃん,きょうもえゆめちゃん,4977,14,44
遅くなる,おそくなる,4064,14,44
２０時前,２０じまえ,51962,14,44
意地悪に,いじわるに,23220,0,0
騙す,だます,23220,9,9
疑った,うたがった,23220,9,9
答えてくれた,こたえてくれた,2232,14,44
動か,うごか,23220,9,9
適用してある,てきようしてある,30960,14,44
向き合おう,むきあおう,23220,9,9
へー,へ,23220,10,21
開放していた,かいほうしていた,4064,14,44
月曜日,げつようび,23220,8,19
いかない,いかない,4064,14,44
要するに,ようするに,23220,2,2
提案した,ていあんした,16705,14,44
ことない,ことない,48162,14,44
閉め,しめ,23220,9,9
足,あし,23220,8,10
篭もる,こもる,23220,9,9
使っていない,つかっていない,4064,14,44
ひと足,ひとあし,24121,14,44
お先,おさき,28291,14,44
昼食,ちゅうしょく,23220,8,10
梅雨,つゆ,23220,8,19
季節,きせつ,23220,8,10
迎えて,むかえて,23220,9,9
若干,じゃっかん,23220,2,2
聞きたいの,ききたいの,28234,14,44
それない,それない,12408,14,44
終わって,おわって,23220,9,9
食べ終わって,たべおわって,4064,14,44
食料,しょくりょう,23220,8,10
品,しな,23220,8,10
フードコート,フードコート,23220,8,17
本屋,ほんや,23220,8,10
洋服,ようふく,23220,8,10
並び,ならび,23220,9,9
日用,にちよう,23220,8,10
食料品売り場,しょくりょうしなうりば,4064,14,44
専門店,せんもんみせ,4064,14,44
３階,３かい,30428,14,44
６,６,23220,8,18
月,がつ,23220,12,31
６月,６がつ,4064,14,44
謀略,ぼうりゃく,23220,8,10
まんまと,まんまと,4064,2,2
はまり,はまり,23220,9,9
やむなく,やむなく,23220,0,0
おじゃまする,おじゃまする,4064,14,44
騒が,さわが,23220,9,9
コンパクト,こんぱくと,23220,8,10
まとめた,まとめた,23220,9,9
つもりだった,つもりだった,23220,4,4
今AI,今AI,4064,14,44
騒がれている,さわがれている,25916,14,44
つけて,つけて,4064,9,9
つら,つら,23220,9,9
つられて,つられて,27699,14,44
遊び,あそび,23220,9,9
あげる,あげる,23220,9,9
ひとりない,ひとりない,8609,14,44
桃源,桃源,23220,8,10
郷,ごう,23220,8,10
桃源郷しれない,桃源ごうしれない,27355,14,44
話す,はなす,23220,9,9
止んで,やんで,23220,9,9
親,おや,4064,8,10
いたら,いたら,23220,12,35
くすっと,くすっと,4064,2,2
考えていたら,かんがえていたら,48418,14,44
人形,にんぎょう,23220,8,10
早速,さっそく,23220,2,2
反応した,はんのうした,8232,14,44
こんなの,こんなの,4064,14,44
信じられない,しんじられない,4064,14,44
理解してくれない,りかいしてくれない,18784,14,44
してくれる,してくれる,4064,14,44
安心感,あんしんかん,53045,14,44
あの〜,あの,23220,6,7
ぬ,ぬ,4064,4,4
お伺い,おうかがい,23220,8,17
お伺いします,おうかがいします,16596,14,44
項目,こうもく,4064,8,10
複数,ふくすう,23220,8,10
列挙,れっきょ,23220,8,17
複数個列挙する,ふくすうこれっきょする,4064,14,44
巻き,まき,23220,9,9
申し訳なかった,もうしわけなかった,23220,0,0
ぶた,ぶた,23220,9,9
筋合い,すじあい,23220,8,10
お兄ちゃんわたし,おにいちゃんわたし,60644,14,44
開いてた,ひらいてた,31580,14,44
知らなかった,しらなかった,37010,14,44
巻き込んで,まきこんで,4064,14,44
ぶたれる,ぶたれる,4064,14,44
ぐっと,ぐっと,23220,2,2
堪えて,たえて,23220,9,9
我慢,がまん,23220,8,17
涙,なみだ,23220,8,17
堪えてる,たえてる,28441,14,44
我慢している,がまんしている,39424,14,44
埒,らち,23220,8,10
明か,あか,23220,9,9
次回,じかい,23220,8,19
明かない,あかない,4064,14,44
間違えて,まちがえて,23220,9,9
発生,はっせい,23220,8,17
入れてしまって,いれてしまって,26632,14,44
発生しない,はっせいしない,22531,14,44
初夏,しょか,23220,8,19
匂い,におい,23220,8,10
余裕,よゆう,4064,8,10
むっと,むっと,23220,2,2
一杯に,いっぱいに,23220,0,0
いうことある,いうことある,61132,14,44
お帰り,おかえり,65198,14,44
あ〜,あ,23220,9,9
んだ〜,んだ,6320,4,4
守り,まもり,23220,9,9
きれ,きれ,23220,9,9
開発者,かいはつしゃ,26444,14,44
意識していて,いしきしていて,53411,14,44
守りきれない,まもりきれない,4064,14,44
調べて,しらべて,23220,9,9
おく,おく,23220,12,35
調べておく,しらべておく,13246,14,44
左,ひだり,23220,8,10
曲がろう,まがろう,23220,9,9
してみる,してみる,32135,14,44
ぶっちゃけた,ぶっちゃけた,4064,9,9
行きつけ,いきつけ,4064,9,9
忘れた,わすれた,23220,9,9
何年前,なんねんまえ,4064,14,44
指摘,してき,23220,8,17
どのように,どのように,4064,6,8
伸びる,のびる,23220,9,9
指摘された,してきされた,4064,14,44
余計な,よけいな,23220,0,0
不意打ち,ふいうち,23220,8,17
食らった,くらった,23220,9,9
気づいてなかった,きづいてなかった,52811,14,44
些細な,些細な,23220,0,0
書くなく,かくなく,36796,14,44
住んでる,すんでる,4064,14,44
昔,むかし,23220,8,19
ウイルス,ういるす,23220,8,10
CM,CM,23220,8,14
CMやた,CMやた,4064,14,44
ウェイクワード,ウェイクワード,4064,8,17
換える,かえる,23220,9,9
入れ替えて,いれかえて,23220,9,9
範囲,はんい,23220,8,10
ハッキング,ハッキング,4064,8,10
進んで,すすんで,23220,9,9
置き換える,おきかえる,39762,14,44
入れ替えてしまう,いれかえてしまう,4064,14,44
出していない,だしていない,4064,14,44
組んで,くんで,23220,9,9
もらう,もらう,23220,12,35
スマイル,すまいる,23220,8,10
どん,どん,23220,8,10
比較,ひかく,7282,8,17
馬鹿らしく,ばからしく,4064,0,0
盛ら,もら,23220,9,9
比較するの,ひかくするの,53721,14,44
繰り返していた,くりかえしていた,4064,14,44
こめ,こめ,23220,9,9
られちゃ,られちゃ,23220,12,35
からに,からに,23220,8,10
おいて,おいて,23220,12,35
もらわ,もらわ,23220,12,35
使いたい,つかいたい,4064,14,44
知っておいてもらわない,しっておいてもらわない,4064,14,44
じっと,じっと,23220,2,2
睨んで,にらんで,23220,9,9
浴びた,あびた,23220,9,9
手頃,てごろ,23220,0,0
閉ざさ,とざさ,23220,9,9
始まり,はじまり,23220,8,10
物語って,ものがたって,23220,9,9
閉ざされた,とざされた,4064,14,44
今晩,こんばん,23220,8,19
付き合って,つきあって,23220,9,9
この後,このあと,23220,8,19
笑って〜,わらって,23220,9,9
準備できた,じゅんびできた,23175,14,44
ブラウザ,ぶらうざ,23220,8,10
ログ,ろぐ,23220,8,10
通勤,つうきん,23220,8,17
憂鬱な,ゆううつな,4064,0,0
通勤ラッシュ,つうきんらっしゅ,598,14,44
呼び止めた,よびとめた,23220,9,9
思うことあって,おもうことあって,23612,14,44
出迎えて,でむかえて,23220,9,9
唐突に,とうとつに,23220,0,0
ゆか,ゆか,23220,8,10
てゆか,てゆか,4064,14,44
覗いた,のぞいた,23220,9,9
発動,はつどう,23220,8,17
怪し,あやし,23220,0,0
パケット,ぱけっと,23220,8,10
飛んで,とんで,23220,9,9
システムログ,しすてむろぐ,4064,14,44
発動した,はつどうした,4064,14,44
怪しそうな,あやしそうな,4064,14,44
込めよう,こめよう,23220,9,9
制御できなくなった,せいぎょできなくなった,4064,14,44
閉じ込めよう,とじこめよう,4064,14,44
正直な,しょうじきな,4064,0,0
本音,ほんね,23220,8,10
嘘,うそ,23220,8,10
つくの,つくの,4064,14,44
普段,ふだん,23220,8,10
曲がる,まがる,23220,9,9
付き合う,つきあう,23220,9,9
右,みぎ,4064,8,10
逃亡,とうぼう,23220,8,17
選ぼう,えらぼう,23220,9,9
思えば,おもえば,23220,9,9
逃亡する,とうぼうする,4064,14,44
絶句,ぜっく,23220,8,17
絶句するなかった,ぜっくするなかった,40961,14,44
騒いだ,さわいだ,4064,9,9
気づいた,きづいた,23220,9,9
出てしまった,でてしまった,4064,14,44
悔しい,くやしい,23220,0,0
一緒だった,いっしょだった,23220,0,0
最寄り,もより,23220,8,10
到着,とうちゃく,23220,8,17
到着していた,とうちゃくしていた,50534,14,44
最寄り駅,もよりえき,4064,14,44
笑った,わらった,4064,9,9
取り出し,とりだし,23220,9,9
続けた,つづけた,23220,9,9
はーい,はい,23220,7,7
んで,んで,23220,4,4
入社,にゅうしゃ,23220,8,17
若手,わかて,23220,8,10
２年目,２ねんめ,4064,14,44
改札,かいさつ,23220,8,17
呼び止め,よびとめ,23220,9,9
のであって,のであって,23220,4,4
残念,ざんねん,4064,0,0
向け,むけ,23220,12,29
得,え,23220,9,9
ざる,ざる,23220,4,4
人向け,じんむけ,53240,14,44
やってきた,やってきた,23220,9,9
虚し,虚し,23220,0,0
残った,のこった,23220,9,9
やってきたの,やってきたの,4064,14,44
虚しさ,虚しさ,4064,14,44
わ〜い,わい,23220,9,9
大好き〜,だいすき,23220,0,0
カレー大好き〜,かれーだいすき,39807,14,44
要領,ようりょう,4064,8,10
好きに,すきに,23220,0,0
岩田さんほど,岩田さんほど,22328,14,44
良くない,よくない,65106,14,44
好きになる,すきになる,4064,14,44
楽し,たのし,23220,0,0
楽しそうに,たのしそうに,37681,14,44
きらきら,きらきら,23220,2,2
挨拶,あいさつ,23220,8,17
させ,させ,41324,14,44
胸,むね,23220,8,10
こみ上げて,こみあげて,23220,9,9
こみ上げてくる,こみあげてくる,4064,14,44
辛口,からくち,4064,8,10
拡散させる,かくさんさせる,41866,14,44
さばき,さばき,23220,8,10
包丁,ほうちょう,4064,8,10
上手だ,じょうずだ,23220,0,0
手さばき,てさばき,28258,14,44
使い方,つかいかた,51638,14,44
右手,みぎて,23220,8,10
赤く,あかく,23220,0,0
左頬,ひだりほお,14023,14,44
さん〜,さん,23220,12,29
４,４,23220,8,18
４人分,４にんふん,4064,14,44
仲,なか,23220,8,10
向き合う,むきあう,4064,9,9
許せ,ゆるせ,23220,9,9
迷惑,めいわく,23220,8,17
全部自分,ぜんぶじぶん,4064,14,44
許せなくて,ゆるせなくて,54594,14,44
追いつか,おいつか,23220,9,9
淡々と,たんたんと,23220,0,0
追いつかない,おいつかない,18440,14,44
終える,おえる,23220,9,9
自,じ,23220,8,10
離れ,はなれ,23220,9,9
食べ終える,たべおえる,9656,14,44
自席,じせき,4064,14,44
もぅ〜,もう,23220,7,7
んでしょ,んでしょ,23220,4,4
ことなく,ことなく,1521,14,44
上げる,あげる,23220,9,9
闘い,たたかい,4064,8,10
挑もう,いどもう,23220,9,9
格闘,かくとう,23220,8,17
笑顔なくて,えがおなくて,3508,14,44
挑もうする,いどもうする,4064,14,44
格闘家,かくとうか,22010,14,44
硬直,こうちょく,23220,8,17
硬直している,こうちょくしている,11482,14,44
ないじゃ,ないじゃ,23220,9,9
開けること出来たら,ひらけることできたら,56636,14,44
発言,はつげん,23220,8,17
許さ,ゆるさ,23220,9,9
連れ出さ,つれださ,23220,9,9
繋がる,つながる,23220,9,9
設営,せつえい,23220,8,17
許されない,ゆるされない,51499,14,44
連れ出され,つれだされ,2352,14,44
設営された,せつえいされた,9765,14,44
いるの,いるの,4064,14,44
振って,ふって,23220,9,9
簡単にしてみる,かんたんにしてみる,4064,14,44
アケミサンニンショウカンリョウ,アケミサンニンショウカンリョウ,23220,8,17
喋る,しゃべる,23220,9,9
浮かれて,うかれて,23220,9,9
浮かれている,うかれている,7839,14,44
場合ない,ばあいない,33225,14,44
美味しい,おいしい,23220,0,0
道,みち,4064,8,10
真っ直ぐだ,まっすぐだ,23220,0,0
私情,しじょう,23220,8,10
止めよう,やめよう,23220,9,9
持ち込むの,もちこむの,4064,14,44
撮影する,さつえいする,17156,14,44
合図したら,あいずしたら,49609,14,44
酒癖,酒癖,23220,8,10
悪く,わるく,23220,0,0
近づき,ちかづき,23220,9,9
近づきたくない,ちかづきたくない,60179,14,44
諭した,さとした,23220,9,9
照明,しょうめい,4064,8,17
降ってくる,ふってくる,19483,14,44
任せて,まかせて,23220,9,9
技術的な,ぎじゅつてきな,4064,14,44
任せてしまった,まかせてしまった,4064,14,44
甘,あま,23220,0,0
合う,あう,23220,9,9
辛口分,からくちふん,54082,14,44
甘み,あまみ,4064,14,44
そうして,そうして,5778,14,44
とこ,とこ,23220,8,11
足りない,たりない,4064,14,44
ことある,ことある,62215,14,44
最高の,さいこうの,4064,0,0
残し,のこし,23220,9,9
残したい,のこしたい,4064,14,44
台無しだ,だいなしだ,23220,0,0
しちゃ,しちゃ,23220,9,9
感激しちゃいました,かんげきしちゃいました,27878,14,44
かれこれ,かれこれ,23220,2,2
３０,３０,23220,8,18
平行,へいこう,23220,8,17
辿って,たどって,23220,9,9
３０分近く,３０ふんちかく,35484,14,44
平行線,へいこうせん,4064,14,44
後ずさり,あとずさり,23220,8,17
後ずさりしてしまう,あとずさりしてしまう,15138,14,44
私生活,しせいかつ,4064,8,10
気づいたら,きづいたら,23220,9,9
社会,しゃかい,23220,8,10
社会人,しゃかいじん,44932,14,44
方向,ほうこう,23220,8,10
進めて,すすめて,23220,9,9
吟味,ぎんみ,23220,8,17
方向性,ほうこうせい,4064,14,44
進めていく,すすめていく,21648,14,44
吟味したい,ぎんみしたい,12037,14,44
定まって,さだまって,23220,9,9
意思,いし,23220,8,10
疎通,そつう,23220,8,17
図れ,はかれ,23220,9,9
定まってない,さだまってない,17161,14,44
発生しうる,はっせいしうる,3693,14,44
意思疎通,いしそつう,4064,14,44
図れなくなる,はかれなくなる,4064,14,44
トリガー,トリガ,4064,8,10
目覚まし,めざまし,23220,0,0
使った,つかった,23220,9,9
ところで,ところで,23220,5,5
醜くて,みにくくて,23220,0,0
十分だった,じゅうぶんだった,23220,0,0
行わ,おこなわ,23220,9,9
Problem：,Problem：,23220,8,10
抱えて,かかえて,23220,9,9
抱えている,かかえている,20291,14,44
かって,かって,23220,9,9
語り,かたり,23220,9,9
かかった,かかった,23220,9,9
常連,じょうれん,23220,8,10
常連さん,じょうれんさん,4064,14,44
そんなこんな,そんなこんな,23220,8,10
じまい,じまい,23220,8,10
いつ,いつ,23220,8,18
係る,かかる,23220,9,9
主に,おもに,23220,0,0
読んで,よんで,23220,9,9
使ってみよう,つかってみよう,13581,14,44
笑顔なくった,えがおなくった,11691,14,44
いいない,いいない,61964,14,44
その他,そのた,23220,8,10
使用していた,しようしていた,15943,14,44
その他実験機材,そのたじっけんきざい,57180,14,44
画,が,23220,8,10
風景画,ふうけいが,19718,14,44
別世界,べつせかい,4064,14,44
障害,しょうがい,23220,8,10
物理,ぶつり,23220,8,10
破壊,はかい,23220,8,17
システム障害,しすてむしょうがい,4064,14,44
対応手段,たいおうしゅだん,4064,14,44
物理破壊,ぶつりはかい,4064,14,44
加わる,くわわる,23220,9,9
立川くん,たてかわくん,4064,14,44
呼ばれたくない,よばれたくない,31833,14,44
ちょっと〜,ちょっと,23220,7,7
企んで,たくらんで,23220,9,9
違いない,ちがいない,23220,0,0
感染させて,かんせんさせて,26813,14,44
その後,そのご,23220,8,19
想定,そうてい,23220,8,17
想定していた,そうていしていた,53247,14,44
使ってもらう,つかってもらう,4064,14,44
仮想,かそう,23220,8,17
絶っ,たっ,23220,9,9
対,たい,23220,8,10
届か,とどか,23220,9,9
仮想ネットワーク,かそうねっとわーく,4064,14,44
届かない,とどかない,4064,14,44
固い,かたい,23220,0,0
絆,きずな,23220,8,10
結ば,むすば,23220,9,9
理解できてしまった,りかいできてしまった,25414,14,44
結ばれている,むすばれている,60333,14,44
下げ,さげ,23220,8,10
奪い取る,うばいとる,23220,9,9
モチベーション下げ,モチベーションさげ,4064,14,44
突如,とつじょ,23220,2,2
終了,しゅうりょう,23220,8,17
告げ,つげ,4064,9,9
告げられたの,つげられたの,30990,14,44
朝一,あさいち,4064,8,10
散々だった,さんざんだった,23220,0,0
予定通り,よていどおり,21132,14,44
２時間ほど,２じかんほど,4064,14,44
聞こえなくなった,きこえなくなった,4064,14,44
終了した,しゅうりょうした,4064,14,44
反論,はんろん,23220,8,17
反論しなくて,はんろんしなくて,30885,14,44
聞いてなかった,きいてなかった,16938,14,44
基幹,きかん,23220,8,10
隔離,かくり,23220,8,17
おいた,おいた,23220,12,35
基幹ネットワーク,きかんねっとわーく,45533,14,44
隔離しておいた,かくりしておいた,59547,14,44
開いた〜,ひらいた,23220,9,9
溢れて,あふれて,23220,9,9
溢れてて,あふれてて,61074,14,44
守ってあげたい,まもってあげたい,4064,14,44
密着,みっちゃく,23220,8,17
先ほど,さきほど,4064,8,19
回し,まわし,23220,9,9
密着させて,みっちゃくさせて,11906,14,44
舟,ふね,23220,8,10
乗った,のった,4064,9,9
ついてる,ついてる,46507,14,44
大舟,おおふね,1324,14,44
４０,４０,23220,8,18
４０分ほど,４０ふんほど,26431,14,44
横浜駅,よこはまえき,58545,14,44
高生,高生,23220,8,15
はしゃいで,はしゃいで,23220,9,9
はしゃいでいる,はしゃいでいる,14586,14,44
であれば,であれば,23220,3,3
防犯,ぼうはん,23220,8,10
云々,うんぬん,23220,8,17
程度,ていど,23220,8,11
済む,すむ,23220,9,9
AIスピーカー家,AIすぴーかーか,17740,14,44
防犯云々,ぼうはんうんぬん,4064,14,44
集まった,あつまった,23220,9,9
３人,３にん,38363,14,44
引っ張り出した,ひっぱりだした,23220,9,9
それにひきかえ,それにひきかえ,23220,5,5
前向きで,まえむきで,23220,0,0
今更,いまさら,23220,2,2
残っていたの,のこっていたの,17,14,44
一環,いっかん,4064,8,10
南くん自身,みなみくんじしん,20448,14,44
開発した,かいはつした,4064,14,44
ちょうど,ちょうど,23220,2,2
しら,しら,4064,9,9
ばっ,ばっ,23220,9,9
みせた,みせた,23220,9,9
納得してしまう味,なっとくしてしまうみ,57217,14,44
いざ,いざ,23220,2,2
チューニング,チューニング,4064,8,10
意識した,いしきした,48280,14,44
製品化しようした,せいひんかしようした,2248,14,44
立って,たって,23220,9,9
のせる,のせる,23220,9,9
のせるの,のせるの,55062,14,44
暮れよう,くれよう,23220,9,9
顎,あご,23220,8,10
指,ゆび,4064,8,10
当てて,あてて,23220,9,9
道具,どうぐ,23220,8,10
捉えて,とらえて,23220,9,9
捉えていない,とらえていない,4064,14,44
付き合ってほしい,つきあってほしい,5322,14,44
IoT,IoT,23220,8,14
ありとあらゆる,ありとあらゆる,23220,1,1
繋がって,つながって,23220,9,9
時代,じだい,23220,8,19
繋がってしまう,つながってしまう,4064,14,44
姉さん,ねえさん,23220,8,10
お姉さん,おねえさん,36087,14,44
恐る恐る,おそるおそる,4064,2,2
お邪魔,おじゃま,23220,8,17
おら,おら,23220,12,35
いけて,いけて,23220,12,35
起きている,おきている,22769,14,44
整理できておら,せいりできておら,17812,14,44
正体,しょうたい,23220,8,10
望んで,のぞんで,23220,9,9
正体したら,しょうたいしたら,34353,14,44
望んでいる,のぞんでいる,4064,14,44
首,くび,4064,8,10
絞めて,しめて,23220,9,9
ゲートウェイ,ゲートウェイ,23220,8,13
危険だ,きけんだ,4064,0,0
伝えた,つたえた,23220,9,9
かけちゃ,かけちゃ,23220,9,9
開いてる,ひらいてる,4064,14,44
開けるなって,ひらけるなって,50295,14,44
想像通り,そうぞうどおり,6575,14,44
つつか,つつか,23220,9,9
きや,きや,23220,10,23
つつかない,つつかない,4064,14,44
出てこない,でてこない,4064,14,44
落ち度,おちど,23220,8,10
このような,このような,23220,6,7
IT業界,ITぎょうかい,64266,14,44
必要な,ひつような,23220,0,0
かえって,かえって,23220,2,2
難しく,むずかしく,23220,0,0
引き出せる,ひきだせる,23220,9,9
難しくしてしまって,むずかしくしてしまって,46979,14,44
やりたい,やりたい,4064,14,44
えくぼ,えくぼ,4064,8,10
つくって,つくって,23220,9,9
とびっきり,とびっきり,23220,2,2
寝ぼけて,ねぼけて,23220,9,9
立ち,たち,23220,9,9
上がろう,あがろう,23220,9,9
諦めよう,あきらめよう,23220,9,9
狙わ,ねらわ,23220,9,9
狙われた,ねらわれた,4064,14,44
調べていく,しらべていく,26744,14,44
悪戯,いたずら,23220,8,17
っぽい,っぽい,23220,12,34
微笑み,ほおえみ,23220,9,9
悪戯っぽい,いたずらっぽい,4064,14,44
帰して,きして,23220,9,9
キョウノササオセンパイノシャシンヲミセテ,キョウノササオセンパイノシャシンヲミセテ,23220,8,17
返答,へんとう,23220,8,17
想定した,そうていした,4064,14,44
やろ,やろ,23220,9,9
教科,きょうか,23220,8,10
書,しょ,23220,8,10
起こる,おこる,23220,9,9
ましょう,ましょう,23220,12,35
教科書通り,きょうかしょどおり,4064,14,44
適用しましょう,てきようしましょう,44614,14,44
セキュリティーパッチ,せきゅりてぃぱっち,57161,14,44
公開されたら,こうかいされたら,9905,14,44
さきほど,さきほど,23220,8,19
訪れた,おとずれた,23220,9,9
押し切った,おしきった,23220,9,9
提案して,ていあんして,54080,14,44
押し切ったの,おしきったの,4064,14,44
間際,まぎわ,23220,8,10
混雑,こんざつ,23220,8,17
直後,ちょくご,23220,8,19
混み,こみ,23220,9,9
終電間際,しゅうでんまぎわ,4064,14,44
混雑する,こんざつする,6138,14,44
定時直後,ていじちょくご,48852,14,44
ました〜,ました,23220,12,35
やりました〜,やりました,4064,14,44
撮影成功しました,さつえいせいこうしました,7381,14,44
途中,とちゅう,23220,8,19
最後に,さいごに,23220,0,0
聞いていない,きいていない,49207,14,44
語っていた,かたっていた,4064,14,44
大切な,たいせつな,23220,0,0
失わ,うしなわ,23220,9,9
失われる,うしなわれる,4064,14,44
快適だ,かいてきだ,23220,0,0
しすぎるの,しすぎるの,4064,14,44
ゆ,ゆ,23220,8,10
単なる,たんなる,23220,1,1
てゆ,てゆ,27963,14,44
脆弱性なくて,ぜいじゃくせいなくて,19361,14,44
上っ面,うわっつら,4064,8,10
説明した,せつめいした,4064,14,44
理解できない,りかいできない,44830,14,44
見られて,みられて,37205,14,44
写る,うつる,4064,9,9
明日,あす,4064,8,19
始める,はじめる,23220,9,9
確認して,かくにんして,22923,14,44
ぎゅっと,ぎゅっと,23220,2,2
抱きしめ,だきしめ,23220,9,9
抱きしめたくなる,だきしめたくなる,17914,14,44
思えてしまう,おもえてしまう,3470,14,44
目覚まし時計,めざましどけい,23220,8,10
知ってる,しってる,4064,14,44
失格,しっかく,23220,8,17
やばい,やばい,23220,0,0
鋸,鋸,23220,8,10
破壊する,はかいする,985,14,44
鋸か何,鋸かなに,17616,14,44
不安に,ふあんに,23220,0,0
恐怖,きょうふ,4064,8,17
わかっていた,わかっていた,61879,14,44
寝て,ねて,23220,9,9
ときほど,ときほど,61034,14,44
不安になる,ふあんになる,3554,14,44
ただいま〜,ただいま,23220,7,7
死んで,しんで,23220,9,9
生き返った,いきかえった,23220,9,9
死んでいた,しんでいた,24445,14,44
浸透,しんとう,23220,8,17
堪能,たんのう,23220,8,17
浸透していなくて,しんとうしていなくて,45229,14,44
堪能できていない,たんのうできていない,4064,14,44
愛さ,あいさ,23220,9,9
倍増,ばいぞう,23220,8,17
愛される,あいされる,4064,14,44
倍増する,ばいぞうする,4567,14,44
ないない,ないない,23220,2,2
づくし,づくし,23220,12,29
悩ま,なやま,23220,9,9
ないないづくし,ないないづくし,31835,14,44
内容また,ないようまた,4064,14,44
今すぐ,いますぐ,4064,14,44
ナンカユッタカ,ナンカユッタカ,23220,8,17
Try:AI,Try:AI,10393,14,44
オカエリ,オカエリ,23220,8,17
モユ,モユ,23220,8,16
間違った,まちがった,23220,9,9
専念,せんねん,23220,8,17
専門外,せんもんがい,10892,14,44
言ってない,いってない,5034,14,44
専念する,せんねんする,53118,14,44
のせ,のせ,23220,9,9
運ぶ,はこぶ,23220,9,9
それ同時に,それどうじに,14681,14,44
矛盾,むじゅん,23220,8,17
だらけ,だらけ,23220,12,29
扉,とびら,23220,8,10
成り立た,なりたた,23220,9,9
矛盾だらけ,むじゅんだらけ,38380,14,44
お互い信用していない,おたがいしんようしていない,4064,14,44
成り立たない,なりたたない,4064,14,44
進んじゃ,すすんじゃ,23220,9,9
らしくて,らしくて,23220,4,4
めんどくさく,めんどくさく,23220,0,0
進んじゃった,すすんじゃった,21652,14,44
修正するの,しゅうせいするの,4064,14,44
反応しなくなってて,はんのうしなくなってて,4064,14,44
めんどくさくなった,めんどくさくなった,41389,14,44
喋り出したの,しゃべりだしたの,63214,14,44
比べる,くらべる,23220,9,9
心強い,こころづよい,23220,0,0
一人,一にん,63144,14,44
やっていた,やっていた,62938,14,44
沈んだり,しずんだり,23220,9,9
沈んだりしない,しずんだりしない,6936,14,44
AIなくて,AIなくて,4064,14,44
ふふふ,ふふふ,23220,8,10
応戦,おうせん,23220,8,17
応戦する,おうせんする,21320,14,44
市販,しはん,23220,8,17
ルーター,ルータ,23220,8,10
閉じた,とじた,23220,9,9
殆ど,ほとんど,23220,2,2
売られている,うられている,4064,14,44
近づこう,ちかづこう,23220,9,9
５月,５がつ,62513,14,44
盛り,さかり,23220,8,10
付け,つけ,23220,8,10
食卓,しょくたく,23220,8,10
食事,しょくじ,23220,8,17
並んだ,ならんだ,23220,9,9
盛り付け,さかりつけ,4064,14,44
モノ,もの,23220,8,10
羨ましく,羨ましく,4064,0,0
否定,ひてい,23220,8,17
単純で,たんじゅんで,23220,0,0
背けて,そむけて,23220,9,9
否定し続けている,ひていしつづけている,4064,14,44
組み合わせ,くみあわせ,4064,9,9
上がる,あがる,23220,9,9
出来上がる,できあがる,62173,14,44
周囲,しゅうい,23220,8,10
並ぶ,ならぶ,23220,9,9
一般,いっぱん,23220,8,10
趣,おもむき,4064,8,10
独特の,どくとくの,23220,0,0
華やか,はなやか,23220,0,0
一般的な,いっぱんてきな,4064,14,44
華やかさ,はなやかさ,4064,14,44
活用,かつよう,23220,8,17
上手な,じょうずな,23220,0,0
活用するの,かつようするの,4064,14,44
失い,うしない,23220,9,9
早っ,はやっ,4064,14,44
失いかけていた,うしないかけていた,3106,14,44
乗っ取る,のっとる,23220,9,9
たち,たち,23220,12,29
そのもの,そのもの,23220,12,29
自分たち,じぶんたち,36834,14,44
部屋そのもの,へやそのもの,4064,14,44
設置した,せっちした,57891,14,44
開けること出来ない,ひらけることできない,4064,14,44
ぐしゃぐしゃ,ぐしゃぐしゃ,23220,2,2
映っていた,うつっていた,4064,14,44
優しい,やさしい,23220,0,0
届いた,とどいた,23220,9,9
聞いたことない,きいたことない,7559,14,44
届いたの,とどいたの,38412,14,44
２００,２００,23220,8,18
グラム,ぐらむ,23220,12,31
２つ,２つ,54872,14,44
２００グラム,２００ぐらむ,17046,14,44
生暖かい,なまあたたかい,4064,0,0
気づか,きづか,23220,9,9
気づかせてくれたの,きづかせてくれたの,29188,14,44
質問された,しつもんされた,4064,14,44
長く,ながく,23220,0,0
伸びた,のびた,23220,9,9
リボン,りぼん,23220,8,10
ぱっちり,ぱっちり,23220,2,2
瞳,ひとみ,23220,8,10
愛くるし,あいくるし,23220,0,0
愛くるしさ,あいくるしさ,4064,14,44
ぶ,ぶ,23220,8,10
すっ,すっ,23220,9,9
例えば,たとえば,23220,2,2
自動車,じどうしゃ,4064,8,10
命,いのち,23220,8,10
関わる,かかわる,4064,9,9
自動自動車,じどうじどうしゃ,4064,14,44
乗っ取られた,のっとられた,4064,14,44
どうしたの,どうしたの,26940,14,44
嫌いな,きらいな,23220,0,0
受け止めて,うけとめて,23220,9,9
疲れて,つかれて,23220,9,9
大嫌いな,だいきらいな,23220,0,0
疲れていて,つかれていて,56637,14,44
美味しそうな,おいしそうな,6993,14,44
おき,おき,23220,12,35
調子,ちょうし,23220,8,10
厳しい,きびしい,23220,0,0
２週間,２しゅうかん,75026,14,44
あるいえ,あるいえ,7261,14,44
決めておきたかった,きめておきたかった,46988,14,44
仕事してたら,しごとしてたら,51980,14,44
失った,うしなった,23220,9,9
人為,じんい,23220,8,10
停止,ていし,23220,8,17
設置して,せっちして,36276,14,44
停止してる,ていししてる,9626,14,44
軟禁機能,なんきんきのう,13582,14,44
人為的に,じんいてきに,45014,14,44
北,きた,23220,8,10
歩き,あるき,4064,9,9
１０,１０,23220,8,18
悪意,あくい,23220,8,10
始めたら,はじめたら,23220,9,9
操作し始めたら,そうさしはじめたら,23935,14,44
偏見,へんけん,4064,8,10
ましたら,ましたら,23220,12,35
ごめんなさい,ごめんなさい,23220,7,7
ありましたら,ありましたら,4064,14,44
向き,むき,23220,9,9
ぼそぼそ,ぼそぼそ,4064,2,2
バタン,バタン,23220,8,10
引き篭って,ひきこもって,23220,9,9
なんぼ,なんぼ,23220,2,2
作れば,つくれば,23220,9,9
大好きに,だいすきに,23220,0,0
大好きになる,だいすきになる,4064,14,44
正午,しょうご,23220,8,19
迎えよう,むかえよう,23220,9,9
迎えようしている,むかえようしている,4064,14,44
書いてない,かいてない,4064,14,44
よる,よる,23220,9,9
見せてほしい,みせてほしい,4064,14,44
普段私,ふだんわたし,4064,14,44
買ってる,かってる,4064,14,44
本体,ほんたい,23220,8,10
明白だった,めいはくだった,23220,0,0
カメラ本体,かめらほんたい,62626,14,44
接続されてる,せつぞくされてる,4064,14,44
食べて,たべて,23220,9,9
最後で,さいごで,23220,0,0
頼ま,たのま,23220,9,9
れちゃ,れちゃ,23220,12,35
特製,とくせい,23220,8,17
萌夢特製,もえゆめとくせい,64016,14,44
ドア認証システム,どあにんしょうしすてむ,35236,14,44
気味に,ぎみに,23220,12,34
わかる,わかる,4064,9,9
心配性気味になるの,しんぱいせいぎみになるの,19787,14,44
囲ま,かこま,10690,9,9
数えるほど,かぞえるほど,23220,8,10
囲まれて,かこまれて,3690,14,44
持ってきた,もってきた,20329,14,44
適切,てきせつ,23220,0,0
異論,いろん,23220,8,10
適切どう,てきせつどう,33023,14,44
無慈悲に,むじひに,23220,0,0
がらがら,がらがら,23220,0,0
ぽん,ぽん,23220,8,10
がらがらぽん,がらがらぽん,4064,14,44
どころ,どころ,23220,10,22
泣きたい,なきたい,4064,14,44
わざわざ,わざわざ,23220,2,2
ならでは,ならでは,23220,12,29
こだわり,こだわり,23220,8,10
しなくていいない,しなくていいない,4064,14,44
こだわりしれない,こだわりしれない,50542,14,44
立川家ならでは,たてかわかならでは,20093,14,44
とやかく,とやかく,4064,2,2
動作,どうさ,23220,8,17
動作すること出来ない,どうさすることできない,7562,14,44
ずーっと,ずっと,23220,2,2
１０分近く,１０ふんちかく,15789,14,44
ナンキンベヤ,ナンキンベヤ,23220,8,17
﻿,﻿,23220,8,10
第一,だいいち,23220,8,10
章,しょう,23220,8,10
遮ら,さえぎら,23220,9,9
遮られてしまった,さえぎられてしまった,4064,14,44
時計,とけい,23220,8,10
針,はり,23220,8,10
借り,かり,23220,9,9
さして,さして,23220,9,9
借り始めた,かりはじめた,4064,14,44
置き去り,おきざり,4064,8,10
かね,かね,23220,12,35
昨晩,さくばん,23220,8,19
眠れ,ねむれ,23220,9,9
話だし,はなしだし,23220,8,10
作られた,つくられた,4064,14,44
意図,いと,23220,8,17
死亡,しぼう,23220,8,17
事故,じこ,23220,8,10
車,しゃ,23220,8,10
暴走,ぼうそう,23220,8,17
轢き,轢き,23220,9,9
殺して,ころして,23220,9,9
意図しない,いとしない,57358,14,44
死亡事故,しぼうじこ,4064,14,44
発生する,はっせいする,4064,14,44
暴走して,ぼうそうして,26593,14,44
くっ,くっ,4064,9,9
遅かった,おそかった,23220,0,0
突っ込んで,つっこんで,23220,9,9
いろいろツッコミ,いろいろツッコミ,4064,14,44
ありすぎて,ありすぎて,3490,14,44
突っ込んでいい,つっこんでいい,4064,14,44
広げ,ひろげ,23220,9,9
ぴたっと,ぴたっと,23220,2,2
水しぶき,みずしぶき,23220,8,10
飛ぶ,とぶ,23220,9,9
止めている,やめている,4064,14,44
進ま,すすま,23220,9,9
聞かない,きかない,8718,14,44
進まない,すすまない,34583,14,44
無駄な,むだな,23220,0,0
増える,ふえる,23220,9,9
保存した,ほぞんした,4064,14,44
悪用するしれない,あくようするしれない,51641,14,44
見つから,みつから,23220,9,9
大部分,だいぶぶん,23220,2,2
見つかって,みつかって,23220,9,9
されてしまう,されてしまう,4064,14,44
見つからない,みつからない,4064,14,44
構成されていて,こうせいされていて,38267,14,44
しょう,しょう,4064,8,10
果てた,はてた,23220,9,9
あざ笑う,あざわらう,23220,9,9
困り果てた,こまりはてた,4064,14,44
直して,なおして,23220,9,9
整理できてなかった,せいりできてなかった,33540,14,44
向こう,むこう,23220,8,10
いつか,いつか,23220,2,2
あえて,あえて,23220,9,9
困難,こんなん,23220,0,0
いける,いける,23220,12,35
喧嘩してまた,けんかしてまた,14755,14,44
理解しあえて,りかいしあえて,39416,14,44
守っていける,まもっていける,27871,14,44
大人しい,大人しい,4064,0,0
混んだ,こんだ,4064,9,9
二人,二にん,4064,14,44
気持ち的に,きもちてきに,4064,14,44
楽なの,らくなの,4064,14,44
むっ,むっ,23220,8,18
丸々,まるまる,23220,2,2
１ヶ月ほど,１かげつほど,4064,14,44
借り切って,かりきって,56036,14,44
形,けい,23220,8,10
輝く,かがやく,23220,9,9
正視,せいし,23220,8,17
瞼,まぶた,23220,8,10
閉じて,とじて,23220,9,9
正視することでき,せいしすることでき,11237,14,44
逸らしてしまった,そらしてしまった,24715,14,44
@N@,@N@,4064,14,44
@E@,@E@,23220,14,44
@S@,@S@,23220,14,44
